name,id
	Onyx ,2529
 Samir Loussif ,608
 zero (personnage de jeu),7410
123,7336
A rien lol,7230
aa,6598
Abd√ºlhamid II (sultan ottoman),7628
"Abd√ºmalid 2 le Pieu, Sultan de l'Empire Ottoman",7621
Abe Shinzo ,2055
Abel ,3379
Abel Jabri,6688
"Abel Jabri (apiculteur de l'INSA)",7074
Abigail Marston ,1343
Abraracourcix,7109
Actarus,6422
Ada Lovelace (comtesse brittanique programmeuse),7525
Adam Ondra,6907
Adele,6658
Ad√©mar Prothon (√©tudiant INSA),7268
Adibou,6704
Adolf Hitler,2574
Aelita Stones ,3212
Agent 47,6498
Ahmed Chawki ,5562
Ahmed mansour ,5585
Ahri (jeu League of Legends),7377
Aim√© C√©saire (√©crivain),7493
Aissa Mandi	 ,5398
Aja Naomi King (actrice am√©ricaine),6889
Akinator,6694
Al Capone (gangster am√©ricain),7461
Al-Khwarizmi (math√©maticien arabe du 10e si√®cle),7292
Aladdin,6408
Alain Delon,6518
Alain Jupp√©,6866
Alain Le Boulch,6857
Alain Prost,6378
Alain Soral (Essayiste),6493
Alan Turing,6699
Alan Walker (DJ  britannico-norv√©gien),7042
Albator,7519
Albert Camus,7416
Albert Einstein,6386
Albert Jacquard (biologiste fran√ßais),7438
Albus Dumbledore (personnage de Harry Potter),7386
Alcibiade (homme politique et g√©n√©ral ath√©nien),7631
Alduin (personnage de Skyrim),7067
Aleister Crowley ,3384
Alex (Totally Spies),7091
Alex Keryhuel (√©tudiant INSA),7322
Alex Thompson,6823
Alex Vaus (Personnage de serie TV:Orange is the new black),6676
Alexandre Benalla,7193
Alexandre Chapin,7648
Alexandre Lacazette,6777
Alexandre le Grand ,626
Alfred Hitchcock,6561
Alice (du livre Alice au pays des merveilles),7489
Alkpote (rappeur fran√ßais),7542
allison pineau (joueuse de handball),7257
Aloy (Horizon : zero dawn),7029
Alpha Wann (rappeur fran√ßais),7545
alphonse Mar√ßay,6860
Altair,7056
Amadou Toumani Tour√© ,3676
Amaterasu (d√©esse japonaise du soleil),7136
Amaterasu Okami ,6096
Ambroise Par√©,6775
Amelia Earhart,7143
Am√©lie Mauresmo,7429
Amine Harit (footballeur),6876
Amiral Yamamoto ,2942
Amy Reid ,4399
Anakin Skywalker,6995
Andr√© Malraux,7534
Andr√© Mathevet ,578
Andrew Martin ,2237
Andrew Wiggins (personnage livre),7195
Anduin Wrynn,6722
Andy ,6118
Andy Serkis (acteur brittanique),7499
Angela Merkel,6423
Angelina Jolie (actrice),6908
Anissa ,105
Anne de Bretagne,6862
Anne Hidalgo ,3227
Annie Cordy,6466
Ant-man ,4368
Ant-man (super h√©ros Marvel),7031
Anthony Cornet (rameur barreur fran√ßais),7413
Anthony Modeste (joueur de foot),7647
Anti-venom ,270
Antoine Albeau (sportif (planche √† voile) francais le plus titr√© ,6715
Antoine Barrier ,168
Antoine Daniel (vid√©aste web),6916
Antoine de Caunes ,3586
Antoine Griezmann (Footballeur fran√ßais),6488
Antonin Fleury,7019
Apu Nahasapeemapetilon ,3124
Aquarius ,3241
Aragorn (Le Seigneur des Anneaux),6929
Archie (personnage de Riverdale),7556
Ar√®s (dieu grec de la guerre),7089
Ariana Grande (chanteuse am√©ricaine),7505
Ariane,6668
Ariel,7151
"Armel Le Cl√©ac'h",6725
Arnold Schwarzenegger,6453
Artemis (d√©esse grecque),7514
Arthas (Roi-Liche de Warcraft),6933
Arthur Morgan (personnage de Red dead Redemption 2),7350
Arya Stark,7173
Asa Akira,6619
"Ashitaka (personnaage film d'animation)",7093
Ashura √îtsutsuki ,4274
Aspicot (pokemon)  ,5555
Ast√©rix (personnage de BD),7353
Asuna (Sword Art Online),7121
Atomic Betty ,4953
Attila (roi de huns),7165
August Ames (rip),6938
Augustin Louis Cauchy (math√©maticien fran√ßais),6986
Aur√©lie Dupont (directrice opera Paris),7600
"Axl Rose (chanteur de Guns N' Roses)",7464
Axoloto ,2248
Aya Nakamura (chanteuse),7335
Ayano Kannagi ,111
"B2O, le duc de Boulogne",7233
Babar (√©l√©phant de dessin anim√©),7185
Babu Frik (personnage de Star Wars),7645
Bahamut ,889
Balthazar Picsou ,1144
Balthazar/Cole Turner ,556
Banksy (artiste brittanique),7456
Barack Obama,6411
Barbapapa,7179
Barbie ,621
Bart,7301
Bart Simpson,7152
Basile J√©z√©quel (illustre √©l√®ve),7626
Batman,6417
Baxter Stockman ,3946
Bellatrix Lestrange (perso de Harry Potter),7450
Belle (La Belle et la B√™te),6909
Belle et S√©bastien,397
Belphegor ,2811
Benedict Cumberbatch,6632
Benjamin Franklin,6433
Benoit Paire (tennisman fran√ßais),7581
Benyamin Netanyahou (premier ministre Isra√´l)),6988
Bernard Hinault (cycliste fran√ßais),7437
Bernard Minet (Chanteur),7399
Bernard-Henry L√©vy (philosophe imposteur),6505
Betrand Cantat,6894
Beyonc√©,6602
Bilal Hassani (chanteur fran√ßais),7451
Bilbon Saquet (hobbit),7495
Bill Clinton (42e pr√©sident am√©ricain),7455
Bill Gates,7396
Bill Gates (Fondateur de Microsoft),6977
Black Panther (super h√©ros Marvel),7475
Black Star ,362
"Black Widow (perso de l'univers Marvel)",7599
Blair Waldorf (s√©rie TV: Gossip Girl),6990
Blaise Pascal,6729
Blanche Neige ,4178
"Blondin (le bon, la brute et le truand)",6503
Bob Dylan (chanteur),7644
"Bob l'√©ponge (personnage de dessin anim√©)",6902
Bob le Bricoleur,6893
Bob Lennon (vid√©aste fran√ßais),7000
Bob Marley,6414
Boga (perso animalier de Star Wars),6743
Bonno (Chanteur de U2),7215
Booba ,3848
Boris johnson (homme politique anglais),7612
Bouna Sarr,6741
Bowser (jeu vid√©o Mario),7229
Bowser Jr. (jeu vid√©o Mario),7411
Bowsette (hybride Peach & Bowser),7206
Brad Pitt,6604
Brice de Nice,6610
Brienne de Torth ,862
Brigitte Bardot,6812
Brigitte Macron,7148
Broly (manga dragon ball),7271
Bruce Lee,7250
Bruce Wayne (Batman),6998
Bruce Willis,6628
Bruno Senna ,1862
Bulbizarre (pokemon),7080
C3PO ,3713
Caballero (rappeur),7275
Caca (d√©esse romaine du foyer et du feu) ,6901
Caca bouda ,230
"Ca√Øn (premier fils d'Adam et Eve)",6525
Cait Sith ,4163
Calim√©ro ,4989
Cam Newton (joueur am√©ricain de football am√©ricain),7398
Camille Claudel,6827
Candy,7117
Capitaine Flam (personnage dessins anim√©s),7047
Capitaine Haddock,6738
Captain America ,4743
Carl ( personnage de The walking dead ),7304
Carl Lewis (athl√®te am√©ricain),7210
Carl Pomerance (Number theorist),7623
Carl Sagan (scientifique am√©ricain),6964
Carlos (Tirelipimpon),7201
Carlos Ghosn,6814
Caroline Aigle (pilote de chasse),6786
Caroline Channing ,2239
Carrie Fisher (Actrice de Leia),7024
cars (personnage voiture dessin anim√©),7376
Cartman ,4490
Cartman (Personnage de South park),7347
Casimir (personnage de vieux dessin anim√©),7094
Casper,6413
Casquette ,3581
Castiel,7057
Catherine de Medicis,6608
Cauchy (scientifique),6943
C√©dric Barbosa ,3891
C√©dric Orl√©ans ,638
C√©dric Villani,6441
C√©line Dion,6677
C√©line Dumerc ,1234
Celty Sturluson (Manga Durarara!!),6468
Cendrillon ,1531
Cercei Lannister,7341
cet ordinateur,7025
Chandler Bing (s√©rie tv friends),7081
Chandra Nala√†r,6646
Charlemagne,6402
Charles aznavour,7356
Charles Cornet (prof. INSA),6931
Charles Darwin,7482
Charles de Gaulle ,729
Charles Martel (Arri√®re grand p√®re de Charlemagne),6510
Charles Maurras (intellectuel fran√ßais),6934
Charles Montgomery (Monty) Burns ,3274
Charles Spencer Chaplin,6945
Charlie Chaplin,7440
Charlotte Bronte (ecrivain anglaise),6689
Charlotte Richard,7174
Che Guevara,6776
Cheikh Ndoye,6477
Chester Bennington (chanteur Linkin Park),7078
chevalier de Saint-George (escrimeur et musicien fran√ßais),7524
Chewbacca,7073
Chien ,4463
Chiiro,6709
Chilla (rappeuse),7617
Chilled (Dragon Ball),3868
Chopin,6594
Christian Fazzino (p√©tanqueur),7248
Christian Raymond (prof. INSA),6469
Christian Taubira (femme politique),6473
Christophe Ma√©,6596
Christopher Froome (cycliste),7045
Christopher Nolan (r√©alisateur britanno-am√©ricain),7357
Chuck Bartowski ,1494
Chuck Norris,6383
Chun-Li (jeu vid√©o Steet-Fighter),2376
Cic√©ron (consul Romain),7490
Clara Alonso ,1479
Clara Morgane (Actrice),6667
Clara Oswald (personnage de Doctor Who),7305
Claude Fran√ßois,6586
Cl√©ment Aycard (majorant),7366
cleopatre,6810
Clint Eastwood,3024
Clovis (roi des francs saliens),7407
Coluche,6484
Commando Clone ,4317
Corvo Attano ,5737
Corvus ,209
Cranky Kong ,3221
Crash Bandicoot,7176
Creeper ,5085
Cristiano Ronaldo ,2438
Croutard ,1443
Cthulhu ,2684
Curly Brace,6835
Cyclope (personnage des X-Men),7049
cyprien,6833
Cyprien Iov,6695
Cyril Dumoulin ,269
Cyril Hanouna (Pr√©sentateur de Touche pas √† mon Poste),7608
d,7207
Daario Naharis ,1420
Daenerys Targaryen (Game of throne),7096
Daiki Aomine (personnage de manga),6675
Dala√Ø-lama,7459
Dalida (chanteuse franb√ßaise),6781
Damien Chazelle (r√©alisateur),7391
Damon Hill ,4610
"Damso (William Kalubi, rappeur)",7030
Daniel Bryan (catcheur wwe),7473
Daniel Narcisse,6795
Daniel Narcisse (Joueur de handball fran√ßais),7039
Daniel Radcliffe,7258
Danielle Quichaud,6439
Daniil le Russe (youtubeur),7103
dany boon,6813
Dark Krayt ,6132
Dark Vador,6396
darwin,6785
David Beckham,6432
David Belle (sportif acteur fran√ßais),6963
David Bowie,6446
David Copperfield (Magicien),6759
David Douillet (judoka fran√ßais),7171
David Fincher (R√©alisateur),6921
David Gilmour,6475
David Guetta,6665
david halliday,7130
David Pujadas (pr√©sentateur France 2),7247
DAVID SKRELA,6837
David Tennant ,5573
DavidLaFargePok√©mon (youtubeur),7485
De niro (acteur),6903
Deadpool (super-h√©ros Marvel),7538
Dean,7058
Dean (personnage de Supernatural),7054
Deathstroke (Slade Wilson dans DC comics),7077
Deliora ,3029
D√©tective Conan,7223
Devin Weston ,5412
DevINSA,6953
Dexter Morgan,7116
Dialga ,5431
Diana Bishop ,1136
Dianth√©a ,5092
Didier Deschamps,6437
Didier Drogba (footballeur Ivoirien),7298
Dieu ,2887
Dieudonn√© (humoriste),6520
Dimitri Payet,6858
Dingo (ami de mickey),7360
Dio Brando (JoJo Bizarre Adventure),7310
Directeur INSA Rennes,7553
Dj Snake (Dj),6993
Dmitri Mendele√Øev (chimiste russe),7155
Dobby (Personnage de Harry Potter),7038
Doc brown,7099
Docteur House (personnage),7314
Docteur Kureha ,4861
domingo,6817
Dominique Gros ,138
"Dominique Strauss-Kahn (dit DSK, homme politique)",7175
Don  quichote,7132
Don Chinjao ,3796
Don King ,1072
Donald Duck,6456
Donald Trump,6538
Dora,6690
"Dora l'exploratrice (dessin anim√©)",7291
Doraemon,6758
"Dr Cristina Yang (perso de Grey's Anatomy)",7562
Dr Gero (Dragon Ball),1626
Dr Nozman(Youtuber),7186
Dracaufeu (animal Pokemon),4468
Dracula,6463
Drago Malefo (personnage Harry Potter),6661
Dragon √©toile filante ,3893
Drattak ,2772
Duchesse ,4455
Duff ,1613
Duke Nukem,6381
Dwayne Johnson (The Rock),6719
E,7333
E.T. (alien),7431
Earvin Ngapeth,6756
Eckko ( champion league of legends),6805
Ed Sheeran (chanteur),7251
Eden Hazard ,1033
Edinson Cavani (footballer paris),6957
"Edward Kenway (perso jeu Assassin's Creed)",7507
Edward Snowden,6558
Edward Teach / Barbe Noire ,2025
Elliot (s√©rie Mr.Robot),7027
Elon musk,6865
Elon Musk (Pdg Tesla & SpaceX),6762
Elsa,6847
Elton John,7267
Emile Zola,6744
Emilia Clarke (acteur de Game of Thrones),7069
"Emiliano SALA (footballeur, attaquant fc nantes)",7020
Eminem,6631
Eminem (chanteur),6914
Emiya Kiritsugu ,4239
Emma Stone (actrice),7255
Emma Watson,6714
Emmanuel Macron (pr√©sident de la R√©publique Fran√ßaise),6925
EnjoyPhoenix ,712
Enora L (Etudiante INFO promo 2018),6881
Ephialt√®s ,5550
Eragon (personnage de roman de fantasy,7508
Eric Antoine,6852
√âric Cantona,6536
Eric Clapton ,5087
"√âric Di M√©co (ancien joueur de l'OM)",6460
Eric Th√©odore Cartman ,5494
Erwan Legruyer (chercheur INSA),7530
Erza Scarlett ,253
Escher,7172
Esperanza Gomez ,265
"Esteban (cit√©s d'or)",7282
√âtienne Chouard (militant politique),7273
√âtienne Klein (physicien fran√ßais),7533
Eug√®ne Delacroix (peintre du 19√®me),7509
Eug√®ne Livet (√©ducateur fran√ßais),6856
Eug√©nie Brazier (chef cuisini√®re),7197
"Eustass ""Captain"" Kidd ",2245
√âvariste Galois (Math√©maticien fran√ßais),7537
Ewok,6831
Eyeshield 21,6798
Ezio Auditore da Firenze (jeu assassin creed),6828
f,6789
Fabien Barthez,6406
Fabien desgranges,7178
Fabien Lemoine (footballeur),7183
Facteur Yacinthe ,1904
Falco (Jeu StarFox),7635
Fedor Dosto√Øevski,7460
Felicity Smoak ,379
Fernando Alonzo (pilote F1),7638
Ferris (Mascotte de rust),7209
Ferris Eris ,3208
Fidel Castro (ancien dictateur de Cuba),6548
Fil√©mon (perso BD),6855
Flairsou ,1348
Flash McQueen ,29
Flea (Red Hot Chilli Peppers),7036
Fleur Piranha ,221
Florence Foresti,7523
Florent Manaudou,6627
Florent Pagny,7161
Florian Lisieux (√©tudiant INSA),7023
Flume (musicien),6936
Ford Prefect (perso du Guide du voyageur galactique),6955
Foued Kadir ,1057
France Gall,7062
Franck Ribery (footballeur),7108
Francky Vincent,7076
Fran√ßois 1er,7139
Fran√ßois Asselineau (pr√©sident UPR),6926
Fran√ßois Fillon,6541
Fran√ßois Hollande,59
Fran√ßois II ,769
Fran√ßois Mitterand,6462
Fran√ßois Pignon (personnage de films),7500
Fran√ßoise DOLTO,7107
Franklin,6696
Freddy Mercury (chanteur de Queen),7119
Fr√®res Lumi√®re,7261
Freud,6705
Frodon,6721
Gab35 (youtubiste),7066
Gabriela Sabatini (tenniswoman argentine),7420
Gad Elmaleh (Humoriste),6534
Ga√´l Monfils (tennisman),5487
Ga√Øa,6461
Gajeel Redfox ,4234
Gal Gadot (actrice Isra√©lienne),6973
Galil√©e,7125
Gandalf,6850
Gandalf (le seigneur des anneaux),6760
gandhi,6804
Ganondorf ,617
"Ganym√®de (oiseau compagnon de Bastion, jeu vid√©o Overwatch)",6972
Garen (jeu vid√©o League of Legends),7442
Garfield,6621
Gargamel (BD les Schtroumf),7380
Gasai Yuno (manga Mirai Nikki),7008
Gaston Lagaffe ,2259
G√©ant Vert,6648
Gene Hackman (acteur am√©ricain),6521
G√©n√©ral Shepard (Mass Effect),2770
Genie Dans Aladin ,4618
Georg Friedrich Bernhard Riemann (math√©maticien allemand),7285
George Abitbol (film La Classe am√©ricaine),7373
George Boole (math√©maticien brittanique),7433
George Clooney ,1302
George Washington (pr√©sident am√©ricain),7321
Georges Bizet (musicien fran√ßais),6838
Georges Brassens (chanteur),7515
Georges Clemenceau ()[Dhomme politique),6790
Geralt de Riv (perso de fiction de The Witcher),7592
G√©rard Depardieu,6506
G√©rard Majax (illusioniste),7511
"G√©rard Vaillant (enseignant √† l'INSA)",6545
Ghost Rider ,1797
Gi√©dr√© (chanteuse),6937
Gilgamesh ,2357
Gimli,6825
Ginrei Kuchiki ,4339
girafe,7454
Giuseppe Verdi (compositeur romantique italien),7286
GLaDOS (jeu vid√©o Portal),6979
Glen Johnson ,1458
God of war (jeux vid√©o),7579
"Godefroy de Bouillon (chevalier franc, premier souverain du royaume de J√©rusalem)",6519
Gokudera Hayato ,2484
Goldorak,6443
Gollum,6641
Gon (Hunter x hunter),7131
Gonzalo Higuain ,1056
Gordon Freeman ,1943
Gordon Ramsay,6535
"Gotaga (Corentin Houssein, joueur de jeu video)",7522
Gottfried Wilhelm Leibniz (polymate allemand),7300
Grace Kelly ,5144
Graham Chapman ,5570
Green Arrow ,5191
Gregory Goyle ,504
Groot,6849
Grosminet,7389
Grosminet (personnage de Titi),7177
Guigui ,618
Guillaume Apollinaire ,5886
"Guillaume le Conqu√©rant (duc de Normandie et roi de l'Angleterre)",7634
Guillaume Meurice (chroniqueur radio),6975
Gustave Eiffel,6778
Guts (Berserk),6752
"Guy Ligier International de Rugby patron d'√©curie de sport auto constructeur automobile",7477
Guy Nov√®s (entraineur de rugby),6546
Had√®s,6736
"HAL 9000 (ordinateur 2001 Odys√©e de l'Espace)",7497
Han Solo (star wars),7122
Hannibal Lecter,7462
Happy ,4369
Haroun (humoriste),7263
Harrison Ford,6614
Harry Potter (personnage de livre),7246
Haru Glory ,600
Haruki Murakami (auteur),7585
Harvey Weinstein (producteur am√©ricain et gros cochon),7591
Hatsune Miku (humano√Øde japonaise),6910
hayao miyazaki,6673
HCMin,7041
HEHEDA,7640
Heidegger (philosophe du Dasein),7627
H√©l√®ne de Troie,6732
Helmut Kohl (homme politique allemand),6985
Henri IV (roi de france),6952
Henri Poincarr√© (math√©maticien fran√ßais),6490
Henri-L√©on Lebesgue (math√©maticien),6853
Herbert Von Karajan,6769
Hercule (demi-dieu romain),7446
Hercule Poirot,6429
Herg√© (dessinateur Tintin),6880
Hermione Granger ,702
Hideo Kojima (cr√©ateur japonais de jeux vid√©os),7598
Hillary Clinton (femme politique am√©ricaine),6718
Hinamori Amu (personnage principal du manga Shugo Chara),7002
Homer Simpson,6487
Horst Seehofer (homme politique allemand),6980
Hubert Bonnisseur de la Bath,6954
hubert felix thiefaine (chanteur),7098
Hubert Reeves,7520
HUGO P√©lussin CDC (√©tudiant INSA),7228
Hugo Simpson ,1350
Hulk,6682
Hulk (super h√©ros marvel),6512
Hyomin ,299
Ichigo Kurosaki (manga Bleach),6392
Id√©fix,6650
Iggy Koopa ,3593
Il faut sauver Willy,6896
Illidan Hurlorage,6684
Indiana Jones,7439
Indira Priyadarshini Gandhi ,1754
Inspecteur Columbo (perso s√©rie tv du m√™me nom),7478
Ion Antonescu ,4309
Iron Man /Tony Stark (Marvel),7281
Isaac Asimov,6757
Isaac Newton,6405
Isabelle,6593
Isabelle Adjani (actrice fran√ßaise),7488
Itay Sheshter ,430
Ivan Ezequiel Lavezzi ,904
Ivan Hinault (cycliste fran√ßais),7552
Ivan Leplumey (enseignant INSA Rennes),6375
Ivan Vanko (film: Iron Man),3866
Izuku Midoriya (h√©ros shonen),7385
Izuna,6708
J.P. Perkins ,3647
J.R.R Tolkien,7105
Jabba le Hutt	 ,1111
Jack Bioshock,7037
Jack Frost (L√©gende am√©ricaine),6911
Jack Nicholson (acteur am√©ricain),6522
Jack Sparrow,6547
Jackie Chan (acteur chinois),7449
jacques ANTILLE,6843
Jacques Brel (chanteur),7510
Jacques Cheminade,6572
Jacques Chirac,6523
jacques laffite,6809
Jacques Martin (animateur tv fran√ßais),7501
Jacquouille la fripouille (film Les visiteurs),7191
Jaime Lannister ,5711
Jake Peralta (personnage de Brooklyn Nine Nine),6904
Jamal Benhlal (enseignant INSA),6750
JAMAL LE POTO DE TITOUAN,7214
Jamel Debbouze ,5244
James Adams,6681
James Blunt (musicien brittanique),7421
James Bond,6420
James Potter ,468
"Jamie (c'est pas sorcier)",6706
Jane Austen,6685
Jane Eyre,6803
Jango Fett ,5961
Janna (League of Legends),7513
Jappeloup de Luze ,710
Jasmine,6459
Jason Bourne (film action),7607
Jax,6701
Jean Cassou ,569
"Jean d'Ormesson (acad√©mie fran√ßaise, d√©c√©d√©)",6944
Jean de La Fontaine,7188
Jean Dujardin,6428
Jean Havoc ,5018
Jean Lassalle,7616
Jean Le Cam ()[Dnavigateur),6822
Jean Luc Reichmann,7241
Jean Marc Ayrault,6864
Jean Messiha (√©narque et docteur en sciences √©conomiques),6888
Jean Moulin,6796
Jean Paul 2,7100
JEAN PAUL VIRAPOULLE (MAIRE DU 440),7222
Jean Perrin,6792
Jean Pierre Rives,6863
Jean Racine (dramaturge fran√ßais),6841
Jean S√©bastien Bach,6751
Jean XXIII ,4383
Jean-Christophe Victor,6763
Jean-Claude Fran√ßois ,798
Jean-Claude Pascal ,3594
Jean-Claude Van Damme,6435
Jean-David ,6728
Jean-Fran√ßois Champollion (√©gyptologue fran√ßais),7404
Jean-Jacques Goldman (chanteur fran√ßais),6783
Jean-Jacques Rousseau,7157
Jean-Louis Gasset (entraineur foot),7384
Jean-Louis Merrien (Professeur de Maths),7235
Jean-Luc Bret ,1310
Jean-Luc M√©lenchon ,993
Jean-Luc Picard (Star Trek),7555
Jean-Marc Jancu (enseignant INSA),6657
Jean-Marie Bigard (humoriste fran√ßais),7589
Jean-Marie Le Pen,6491
jean-Paul Belmondo,7448
Jean-Paul Rouland ,2276
Jean-Paul Sartre (philosophe fran√ßais),7574
Jean-Philippe Durand,6455
Jean-Pierre Coffe (animateur gastronome),7004
Jean-Pierre Pernault,7518
"Jeanne d'Arc",6494
Jeanne Hachette ,3698
Jebediah Kerman ,1556
Jebediah Springfield ,4210
Jennifer Lawrence (actrice principale de Hunger Games),6716
Jennifer Morrison ,1182
Jerome Trochon(professeur de math√©matiques),7140
Jerry,6962
Jessica Alba (actrice am√©ricaine)),6508
Jessica Day (personnage de New Girl),6918
Jessica Jung ,5096
Jesus,6726
J√©sus Christ ,2983
Jet Li,6416
Jiemma  ,1595
Jill (Va-11 Hall-a),7217
Jim Carrey,6605
Jimi Hendrix,6509
Jimmy de Santa ,4778
Jimmy Page (guitariste de Led Zeppelin),6887
Jimmy Pegorino  ,4749
Jinx,6476
JK Rowling,7127
JK Rowling (auteure de Harry Potter),6947
Jocelyn Gourvennec (footballeur fran√ßais),7465
Joconde (Mona Lisa),7602
Joe Wilfreid Tsonga,6637
Jo√´l Barillet ,3322
Joey (friends),7084
Joffrey Baratheon ,1351
Johann Bois ,6080
Johannes Kepler (astronome),7457
John Cena (Catcheur),7088
John Coffey ,4409
John Fitzgerald Kennedy (pr√©sident am√©ricain dit JFK),6974
John Lennon,6557
John Locke (s√©rie TV: Lost),7474
John Rambo,6496
John Watson,7334
Johnny Ace ,5955
Johnny Depp,6623
Johnny Halliday,6687
Johnny Halliday (musicien),7428
Johnny Sins (acteur pornographique),7270
JOJO (personnage de s√©rie JOJO Bizarre adventure),7212
Joker,6418
Joker (Persona 5),7568
Jon Snow  (personnage de Game of thrones),6917
Jonathan Joestar (perso de manga),7272
JONNY WILKINSON,6840
Jordan Amavi ,2890
Jos√© Mujica ,984
Joseph Goebbels (dirigeant nazi),7208
Joseph Joestar (personnage Manga),7306
Joseph Staline,6504
Jos√©phine (s√©rie TV: Jos√©phine Ange Gardien),7494
Josiane Villory,6387
Josselin Stark (√©tudiant INSA),6766
Joueur du Grenier (youtuber),7633
Joyce Carol Oates (romanci√®re am√©ricaine),7427
Joyce Jonathan,7061
Jubia Lokser ,3661
Jul (rappeur),7065
Jules Cesar ,1185
Jules Verne (√©crivain),7198
Julien Brellier ,114
Julien Dor√© (chanteur),6861
Julien Lepers,6564
Julien St√©phen (entraineur de football),7618
Juliet ,2387
Julio (Le Grand H√¥tel) ,75
Jupiter (Zeus romain),6773
Justin Bieber,6574
Kaaris (rappeur),7392
Kaguya ?tsutsuki ,758
Karim Benzema (footballeur),6474
Karl Marx,7297
Karl Weierstrass (math√©maticien allemand du 19√®me sci√®cle),7242
Katniss Everdeen,6700
Katsumi ,717
Katsura Kotonoha ,6240
Kawhi leonard ( basketeur americain ),6787
Kayako Saeki / The Grudge ,2327
Keith Urban (chanteur),7112
Kelly Groucutt ,669
Ken (Barbie),7573
Ken Block (pilote am√©ricain),7422
Ken le survivant (manga),6516
Kendji Girac,6603
Kendrick Lamar,6562
Kermit (marionette du muppet Show),7409
Kev Adams,6794
Kevin Costner (acteur am√©ricain),7359
Kevin Mayer (d√©cathlon),7332
Kevin Spacey (acteur am√©ricain),6898
Keyser Soze,6436
Khaled Mesbah (footballer Algerien),7587
Kiba Inuzuka ,2257
Kick-Ass ,5324
Kim Hyun-ah (chanteuse Cor√©enne),7566
Kim jong un,7611
Kim Jong-un ,2388
Kim Sung Kyu ,2422
Kim Tae-hyung (chanteur sud-cor√©en),7150
King K. Rool (Donkey Kong Country),7237
Kira (death note),7400
Kirby,7012
Kirby (personnage de jeu vid√©o),7232
Kirikou,6640
Kirito (SAO),7512
Kirua (du manga Hunter x Hunter,7279
Kiwi ,3377
Kjarl (dofus) ,5828
Kobe Bryant (Basketteur Proffesionel),6575
Koishi Shidou ,4930
Konstantin Oustinovitch Tchernenko ,809
Koro-sensei ,2480
Krystal Wallas,106
Kuragari Uroshima ,2216
Kurt Cobain,7159
"Kvothe, personnage principal des chroniques du tueur de roi",6613
Kylian Mbapp√© (joueur de foot),6897
Kylo Ren (perso de star wars),7048
Kyurem ,141
L,7147
L (personnage de Death Note),7032
"L'arbitre des tournois dans dragonball",7129
"L'homme invisible",6617
"L'homme qui passe",6895
"L'≈íil glauque (Mascotte de festival)",7558
la copine de neymar ,1130
La cr√©ature de Frankenstein ,3887
La f√©e clochette ,2954
la femme de leonidas ,1236
La Fenetre De Ma Chambre  ,3489
La fourmi ,1134
La Licorne ,1055
La linea (Personnage de vieux dessin anim√©),7190
"La m√©chante sorci√®re de l'Ouest (personnage du  Magicien d'Oz)",7311
La Panth√®re rose (perso dessin anim√©),925
La reine de Saba ,513
La reine des neiges,6445
la schtroumpfette,7498
Lacrim ,5208
Lady Diana,7414
Lady Gaga ,981
"Ladybug h√©ro√Øne d'une s√©rie de magica girle",7006
Laink,7582
Lana del Rey,6678
Lance Amstrong (cycliste am√©ricain),7548
Lara Croft,6447
Lara Fabian ,140
Larmina (film OSS 117),6959
Laura Ingalls ,6258
Laure Manaudou,6407
Laure Mesa (El√®ve INSA Rennes),7636
laurent Fabius,6815
Laurent Jalabert ,1022
Laurent Ruquier,7379
Laurent Wauquiez,7085
Le Bibendum Michelin ,3977
Le Commandant Shepard ,4120
Le commissaire Navarro ,2528
Le Dasein (concept philosophique Heidegerien),7629
Le Docteur ,1381
Le docteur (personnage de Doctor Who),6930
Le Fauve ,5271
Le foldingot (oksa pollock) ,3121
Le grand schtroumpf,6500
Le Loup ,4832
Le Marsupilami ,186
Le mec ind√©cis,7264
Le N√©ant ,425
Le Pape,7126
Le petit Gr√©gory ,311
Le Proph√®te Mohammed ,4846
Le quatri√®me Hokage ,2933
Le roi Arthur,7354
Le soleil des T√©l√©tubbies,7124
Le telephone dans toy story 3 ,2871
LeBlanc (personnage du jeu League of Legends),7374
LeBron James ,3235
"Lee ""Faker"" Sang-hyeok",6543
Lee Sin (League Of Legends),6994
Lefa (rappeur),7619
Lelouch (Code Geass),7138
Lemmy Kilmister,6452
"L√©o Grasset (YouTuber, Dirty Biology)",6935
L√©on Blum (homme politique fran√ßais),7276
L√©onard de Vinci,6958
L√©onard Euler,6842
L√©onardo Di Caprio,7095
Leopold II de Belgique,6967
les Fr√©rots (groupe de musique),7323
les jumelle olson ,2726
Lewis Hamilton,6764
Liam Gallagher (chanteur),7563
Libellule ,3314
Licorne,6588
Liesel Meminger ,3050
Lightning,7160
Lil Pump (rappeur am√©ricain),7492
Link (The legend of Zelda),6851
Lino,6591
Lino Ventura (acteur fran√ßais),7260
Linus Torvalds,6551
Lionel Messi ,2865
Logan Evans ,3482
Logan Walker ,1603
Logic (rappeur),7317
"Lo√Øc Herv√© (professeur √† l'INSA)",6932
Loic Peyron (navigateur),6871
"Lomepal (Antoine Valentinelli, rappeur)",7040
Lord Voldemort ,811
Lorenzo,6671
Lorraine Warren (D√©monologue),7554
Loto ,3967
Lotus (Warframe),6915
Lou Ferrigno (acteur du Hulk),6513
Louis Armstrong (jazzman am√©ricain),6920
Louis de Fun√®s,6434
Louis IX (saint-Louis),6515
Louis Nicollin (pr√©sident du club foot Montpellier),6886
Louis Pasteur,6554
Louis XIV,6426
Louis XVI,1125
Luc Abalo (joueur de hand fran√ßais),7371
Luc Besson,7153
Lucas Hauchard (Squeezie),7536
Lucie Decosse (Judokate),7343
Lucifer ,2545
Lucky Luke (personnage de BD),7113
Ludwig Van Bethoven,6585
Luffy (Personnage de One Piece),7316
Luigi (Mario),7419
Luke Skywalker,6502
Luna Lovegood,6749
Lust ,1171
Lydia (personnage de Skyrim),7355
"M'hamed Drissy (Directeur de l'INSA de Rennes)",6590
M. Le Russet (agent de s√©curit√©),7071
Ma Grande  Soeur ,1339
Ma maman,6377
Mace Windu,6622
Madame de Montespan ,76
Mademoiselle Jeanne ,2283
Madison Alamia ,810
madonna,6797
Mael Hamon (√©tudiant INSA),7375
Maggie Simpson,7280
Magicarpe ,2919
Magna Charge ,4679
Ma√Øt√© (chef cuisinier),7584
Malala Yousafzai (militante pakistanaise des droits des femmes),7452
Malcolm(personnage de Malcom),7351
Malicia (X-men),6999
Manuel Neuer (gardien de foot allemand),6982
Manuel Valls,6492
mao ts√© toung le bro,7561
Mao Zedong,6607
Maradona ,509
Marc Briane (professeur INSA),6566
Marc L√©vy (√©crivain),6832
Marc Zuckenberg (cr√©ateur de facebook),7382
Marcel Cerdan (boxeur),6532
Marcel Proust (ecrivain),7441
Marco Bodt ,4669
Marco Di Vaio ,3500
Marco Hietala (bassiste Nightwish),7018
Mar√©chal P√©tain ,2666
Margaery Tyrell ,2111
Margaret Hale ,1345
Margaret tatcher,6780
Marge Simpson,7283
Maria Sharapova,6639
Marie Antoinette (reine de France),7458
Marie Babel (enseignante INSA),7541
Marie Curie (scientifique franco-polonaise),7238
Marie Poppins,6702
Marie-France Pisier ,1263
Marie-Mai ,5165
Marina Kaye (chanteuse),6899
Marine Delterme ,3961
Marine Le Pen,6501
Mario Balotelli (footballeur italien),6802
Mario Bros (perso jeux vid√©o),6969
Marion Jones (athl√®te am√©ricaine),7559
Mark Hamill (Acteur de Luke Skywalker),7022
Marla Sokoloff ,6074
martfrein,6771
Martin Fourcade,7072
Martin Luther King,6472
Martin Mystere ,4805
marty mc fly ,5627
Marvin (H2G2),7128
Marvin le Martien (looney toons),7050
marylin monroe,6801
Mathis Roisin (√©tudiant INSA),7318
Matthew Perry (acteur am√©ricain),7543
Matthieu Chedid (musicien fran√ßais dit M),7415
Max Black (personnage de la s√©rie: 2 broke Girls),6556
Max Planck (physicien allemand),7544
"Maya l'abeille",7487
McFly,6949
M√©duse,6664
Megpoid Gumi ,4751
"meredith grey (personnage grey's anatomy)",6987
merlin,6877
Mesut √ñzil ,2163
Mia Khalifa,7199
Miasmax ,5575
Michael Jackson ,1842
Michael Jordan	 ,142
Michael schumacher,6686
Michael Wittman,6779
Michel Berger (musicien fran√ßais),6826
Michel Blanc (acteur fran√ßais),7425
Michel MAYOR (Astrophysicien Suisse),7586
Michel Platini (footballeur fran√ßais),6868
Michel Sardou (chanteur),6846
Mick Fanning (surfeur Australien),6869
Micka√´l Landreau,6584
Micka√´l Rossignol ,5515
Mickey Mouse ,754
Mike Oldfield,6438
Mike Rutherford ,762
Milou,6656
Milou (chien de tintin),7393
Miltiade,6784
mimi mathy,6589
Minerva McGonagall (perso de Harry Potter),6960
Minnie ,452
Mirage (Character de Apex Legends),7643
Misao Makimachi ,487
Miss France,7079
Mister V (youtuber/rapeur),7575
Mistral ,2593
Miyazaki,6625
Mo Farah (coureur de fond anglais),7296
Moby Dick ,1599
Modrdeca√Ø (jeu vid√©o Borderland),2485
Mohamed V ,2099
Mohammed 6,7059
Moi,6389
Moi-m√™me,7365
Mo√Øse (proph√®te juif),7521
Moli√®re,7156
Mon ami,7087
mon binome,7338
Mon chat,7370
Mon Fr√®re ,1024
Mon Mari,7194
Mon p√®re,6624
Mon R√©veil ,5689
Monica Bellucci,6529
Monique Coleman ,287
Monk,6731
Monkey D. Luffy (manga one piece),6544
Monokuma (ours m√©canique manga japonais Danganronpa),6968
Monsieur Non,66
Monsieur Oui,65
Montgomery,7426
Morgan Freeman (acteur am√©ricain),7348
Moriarty (ennemi de sherlock Holmes),7053
Morty ,4497
moudi,7170
Mouk ,1957
Mr Bean,6527
Mr Burns,7277
Mr Kinder Surprise ,2704
Mr. Cogan,7447
Mr.Kalashnikov,6636
Mr.Propre (personnage de publicit√©),7383
M√ª (manga: Saint Seiya) ,7192
Myron Bolitar ,1763
Myst√©rion ,4093
Naaman (chanteur),7234
Nabilla,6606
Nairo Alexander Quintana Rojas (cycliste colombien),7044
Nanatsu (Made in abyss),7516
Napoleon Bonaparte ,2630
Napol√©on III ,4818
Naruto ,514
Nathalie Kosciusko-Morizet,7549
"Nathan drake (Personnage principal de la s√©rie de jeu ""Uncharted"")",7346
"Nathan Lemaire (√©tudiant INSA: le meilleur, il parait, on ne sait pas en quoi)",7546
Natsu (Fairy Tail),6767
Ned Stark ,4900
Neil Armstrong (astronaute am√©ricain),6922
Nekfeu,6683
Nelson Mandela,6906
Nelson Monfort,6892
Nemesis( d√©esse grecque de la vengeance),7168
N√©o (The Matrix),7303
N√©ron,6655
Neville Londubat,6811
Neymar da Silva Santos J√∫nior (joueur de foot),6890
Nibi / Matatabi ,222
Nico Robin ,3469
"Nicolas Bertru (professeur d'√©lectricit√© INSA Rennes)",7639
Nicolas Canteloup,7102
Nicolas Copernic,7369
Nicolas Cormerais,6615
Nicolas Hulot,7430
Nicolas Hussenot (professeur math√©matiques),7622
Nicolas Sarkozy,61
Niels Bohr,6788
Nietzsche (philosophe allemand),7324
Niki Lauda ,2428
Nikola Tesla,6415
Nikolas Karabatic,6568
Nikos ,6742
nils bjurman ,1474
Nishikino Maki ,1851
Nobuo Uematsu,6539
No√´l ,178
No√´l Flantier (film OSS117),6956
No√´l Mam√®re,6651
Non,6393
Nono (Robot dans Ulysse 31),7202
Norbert Dragonneau (Les Animaux Fantastiques),6542
Norman,7063
Noru-Da ,1726
"Nour (√©tudiant √† l'insa)",7590
Novak Djokovic,6638
Nuage ,4995
Nungan ,2581
Nymphadora Tonks (HP),7390
Obelix,6431
Obi-wan Kenobi,6442
Obscur Hamster ,5925
Oda Nobunaga (perso historique japonais),7506
Odin (dieu scandinave),7408
Oeil de faucon ,5811
Oggy (dessin anim√©),6662
okoto ,1391
Oksa Pollock (h√©roine de livres fantastiques),7453
Olaf (la reine des neiges),2143
Oliver Queen,6642
olivia oggy et les cafards ,5387
Olivier Atton/Oozora Tsubasa (Olive et Tom/Captain Tsubasa)  ,42
Olivier de Carglass,7239
Olivier Giroud,6592
omar sy,6580
one direction Niall ,1671
Orelsan,6616
Oscar Wilde (√©crivain),7550
OSIRIS,6486
OSS117,7613
Oui-oui,6630
OuiOui(Ouioui),7630
ousmane dembele,6569
Oussama Ben Laden ,498
Pablo Escobar (trafiquant colombien de cocaine) ,7313
Pablo Picasso (peintre),6514
Pain Rikudo ,348
PaKo ,1396
Pamela Anderson (Actrice),7288
Papa  ,306
Pape Fran√ßois (Pape),7358
Paper Mario ,563
Parm√©nion (g√©n√©ral mac√©donien),7637
Pascal Garcia (enseignant INSA),6440
Pascal S√©billot (Professeur Info),7620
Passe-partout,6601
Patoune (Patricia Calas) ,274
Patrice Daniello,7463
Patrice Talon,6692
Patrick Balkany (politique fran√ßais),6912
Patrick Bruel (chan teur fran√ßais),7540
Patrick Cohen (journaliste fran√ßais),7479
Patrick Fiori,7445
Patrick Jane (personnage de Mentalist),7169
"Patrick l'√©toile de mer (personnage de la s√©rie Bob l'√©ponge)",7342
Patrick Sebastien,6560
patronus de harry potter ,6369
Paul McCartney (chanteur),7253
Paul Pogba (footballeur),6633
Paul Queva (√©tudiant INSA),7319
Paul Taylor,7026
Paul Walker (acteur am√©ricain),7583
Pauline Marois ,3271
Peach,7388
Pedesseau (Prof),6660
P√©gase ,1356
Peggy Camp Rock ,631
Peggy Cellier,6471
Pel√© le joueur de foot,7468
P√©pin le Bref (p√®re de Charlemagne),6511
"Percy Jackson (h√©ros d'un roman)",6997
P√®re Noel ,7028
Personne ,1731
Peter Pan ,4713
Petite cousine ,1169
Petite Soeur,7083
Pewdiepie,6724
Philippe Katerine,6644
philippe starck,6793
Phillipe Poutou,7101
Picsou,6643
Pierre Croce (youtuber),6666
Pierre Curie (Physicien fran√ßais),7367
Pierre de Fermat,6629
Pikachu (personnage de manga),62
Pinkamena Diane Pie ,5441
Pinocchio (pantin en bois vivant),7284
Piscine Molitor Patel ,3858
Platon (philosophe antique grec),7469
PLK (chanteur),7580
Plume de Jais ,5981
Plutot,7158
Po (Kong Fu Panda),7567
Polnareff,7204
popeye,6870
Pos√©√Ødon ,3631
PPDA,6711
Prince,6565
Prince T√©dibert ,4102
Princesse Fiona (dessin anim√© Shrek),7528
Princesse Leia ,1779
Princesse mononoke,6679
Princesse Raiponce ,115
Princesse Shirahoshi ,489
prof d info,7443
"Professeur Layton (jeu vid√©o d'√©nigmes)",7009
Pythagore,6824
queen,6482
"Quelqu'un qui passe toute les questions",7252
Quentin Tarantino,6582
R2-D2 ,1560
R4-p17 ,2121
Rachel Zane ,3847
Rafael Nadal,6672
Ragnar Lothbrok (s√©rie TV: Viking),7403
Ramanujan,6875
Rams√®s 1er ,157
Rantanplan ,3948
Raoh (manga ken le survivant),7405
Rapha√´l Varane,1467
Raptor Dissident (youtuber),7625
raptou ,368
Raspoutine,6581
Rastapopoulos,6465
ratatouille ,2065
Raven Queen ,3263
Rayman,6612
Raymond Poincarr√© (politicien fran√ßais),7570
Raymond Poulidor (cycliste fran√ßais),7557
raymond reddington(s√©rie BLacklist),7287
Reimu Hakurei,60
Reine Elizabeth,6576
Reisen (Touhou),7224
R√©mi Gaillard,6746
R√©my (Rat dans Ratatouille),7564
Renaud,6412
Renaud Lavillenie (perchiste),7293
Ren√© Coty,7244
"Ren√© Coty (Pr√©sident, un grand homme il marquera l'histoire)",6965
Ren√© Descartes,6464
repondre oui puis non ,6951
Richard Dean Anderson,6421
Richard Gasquet,6940
Richard Stallman,6555
Richard Virenque,6552
Richelieu,7120
Richter Belmont (Castlevania),7245
Rick Astley,7221
Rick Grimms (walking dead),6770
Rick Riordan (√©crivain am√©ricain),6996
Rien,6984
Rihanna (chanteuse barbadienne),6733
riki,7013
Rin Kaenbyou,7135
"Riri, Fifi et Loulou ",3039
Riven (jpersonnage de jeu vid√©o),7182
Rob Hopkins (enseignant ern permaculture brittanique),7418
Robert Downey Jr (acteur de iron man),7604
Robert Faurisson,7535
Robert Menes,6595
Robert Oppenheimer,7417
Robin des bois,7256
Robinet,6765
Rocco Siffredi,6772
Rock Lee ,6269
Rocky Balboa,6497
Rodolphe Le Blevenec (√©tudiant INSA aka le mec qui a fait le drive!!!),7601
Roger Federer,6410
roi du Maroc,7294
Rokubi ,3644
Rollon (duc de Normandie),7641
Romain Grosjean,6821
Romain Hu (√©tudiant INSA),7219
Romain Laigo (√©tudiant INSA),7320
Roman Abramovitch,6691
Rom√©o Elvis (rappeur),7274
Ron Waesley,6652
Ronaldo,7289
Ronan Heurtel (resp campus INSA),7597
Roronoa Zoro (manga one piece),7141
Roselyne Bachelot,7154
"Rozenn Piron (professeur d'optique)",7593
Russell Westbrook (basketteur am√©ricain),7605
Ryan Gosling,6745
Ryan Sheckler ,343
Ryu,6734
Ryuko Matoi (anime),7632
Sabor ,1269
Sabrina (chanteuse de Boys boys boys),7406
Sacamin,6659
Sacha (pok√©mon),6680
Saitama (Manga : One Punch Man),6450
Sakura (manga Naruto),6703
Sakurai Tomoki ,1298
Salam√®che (Pok√©mon),63
Salvador Dal√≠ (peintre espagnol),7480
Samir Ait Said,6587
Samir Nasri,6597
Sansa Stark (meilleur perso de GOT),7595
Saphira (Eragon),6653
SARDA GARRIGA,7220
Sardoche (Streamer),7423
Sasha Grey,7225
Sasuke Susano ,6040
Saule ,139
Sauron (le seigneur des anneaux),86
Savage Opress  ,897
Sawako Kuronuma ,551
Sayaka Maizono ,4901
Sazuke Ushiwa,6376
Scarlet Joahnson (actrice),7577
Schtroumpf,6403
scooby-doo,6578
Scott le con ,1308
Sebastian Vettel (F1),7576
Sebastien Chabal,6499
S√©bastien Loeb (pilote de rallye fran√ßais),7466
S√©gol√®ne Royal,6571
Seiya (manga: chevalier du zodiaque),7090
Senamo (la smala),7092
"Sentenza, la brute (film: le bon, la brute et le truand)",6507
Serena Van Der Woodsen (s√©rie TV:  Gossip Girl),6882
Serena Williams (tenniswoman am√©ricaine),6573
Serge Manesenkow ,615
Serj Tankian (chanteur),6867
Shae Vizla ,5915
Shahrukh Khan (Acteur Bollywoodien),7484
Shakira ,1026
Shawn Mendes,7111
Sheldon,6739
sheldon Cooper (The Big Band Theory),7035
Shella (chanteuse),6859
Shen (personnage du jeu League of Legend),7249
Shepard,7196
Sherlock Holmes,6424
Sheryl Sandberg,7106
Shifu (manga: kung fu panda),7082
Shikamaru Nara (naruto),7007
Shin Kuroi (perso de jeu vid√©o),7434
Shinji (personnage de Evangelion),7352
Shiro (de deadman wonderland),6707
Shrek,6478
Shulk,7016
"Shy'm (chanteuse francaise)",7309
Simba,6458
Simon Mabilat (√©tudiant INSA),7578
"Simon Postec (prof de l'INSA)",7588
Simone Arianne Biles (gymnaste am√©ricaine),7075
Simone de Beauvoir (Auteure),6946
"Simone Veil (militante pour l'avortement)",7361
Sindibad ,2536
Siphano (Youtubeur),6989
Skelerex ,4356
Slash (guitariste),6727
Snake (Metal Gear Solid),7254
Snoop Dogg,7565
Snoopy,6761
Socrate,6626
Son Goku (manga: dragon ball),6524
Sonia Gothik ,4126
Sonic ,3934
Sophie ,818
Soufiane Msalek ,3739
"Spartacus (meneur d'une guerre servile contre la R√©publique romaine)",7642
Spider-Cochon ,2648
Spider-man ,831
Spinoza (philosophe),7372
Spirou,6563
Spoke,7203
sponge bob,6755
Squall Leonhart (jeu vid√©o Final fantaisie),6451
Squeezie,6609
Squirtle (carapuce dans manga pokemon),6385
Stan Lee,6663
Stannis Baratheon,6806
Stefan Zweig (√©crivain autrichien),7424
St√©phane Bern,7569
St√©phanie De Monaco,6818
Stephen Awking,6495
stephen curry,6483
Steve Jobs,6550
Steve Stiffler (american pie films),7243
Stevie Wonder,6553
Sting (musicien britannique),6224
Stitch (personnage Disney),6978
Stromae,7526
Supergirl ,2011
Superman ,4754
Supreme Leader Snoke (Personnage de star wars),7017
Sylvain Duriff,6577
Sylvester Stallone,6526
"Sylvia Kersusan (professeur italien, francais, anglais)",7307
Ta compagne ,285
Ta cousine ,1764
Ta demi-soeur ,1543
Ta m√®re !,6618
Ta soeur siamoise ,254
Tachibana(manga japonais),7609
Talbot  ,1826
Tamim ,2147
Tangi Tassin,7200
Tante Phl?bite ,329
Tara Duncan (Livre √©ponyme),6905
Tarik Ramadam (islamologue),7097
Tarzan ,2123
Taylor Lautner ,3325
Taylor Swift (chanteuse american),6981
Tchoupi (personnage de tchoupi),7064
"teal'c",6579
Teddy Riner (champion du monde de judo),6530
Teemo,6713
Terminator,7189
Terry Pratchett,7003
Teru Mikami ,1586
Thatcher Joe ,1035
The Flash,6839
The Punisher,6649
the rock ,7646
TheMissAddict,7167
Th√©o Walcott,6599
theon greyjoy,6848
Thierry Merle,7134
Thierry Omeyer (handballeur fran√ßais),7269
Thomas Colton Padalecki ,6137
Thomas Edison (inventeur am√©ricain),7483
Thomas Pesquet (spationaute),6845
Thomas Porcher (√©conomiste),7402
thomas voeckler,6878
Thor ,5170
Tiger Woods,6380
Tim Berners-Lee,7104
Tintin (personnage de BD),7051
Titi,7259
Titouan (√©tudiant charo),7227
Toby (personnage de Harry potter),7180
Todd le Wraith ,163
Toi(joueur),7021
Toki (fr√®re de Ken le survivant),6517
Tom Brady (joueur de foot am√©ricain),7496
Tom Cruise (acteur am√©ricain),7114
Tom Hanks (acteur am√©ricain),7015
Tom Roy,7615
Tom Shelby (Peaky Blinders),7278
Tommy Tallarico,6540
Tommy Wiseau (acteur),6927
Tomoharu Natsume ,5444
Ton chinchilla ,1583
Ton cousin par alliance,33
Ton m√©decin ,1407
ton papa!,6400
Ton petit ami ,3119
Tonnerre ,1059
TONY ESTANGUET,6844
Tony Parker,6481
Torlk,6830
torlk (streamer jeux video),7144
Totoro ,1079
Touma√Ø,6645
Tracer (Overwatch),7005
Travis Pastrana (pilote am√©ricain),7432
Tristan Hardy (√©tudiant INSA),7340
Trololol ,4571
Tryphon Tournesol,7504
"Tuco (western: le bon, la brute et le truand)",6528
Tyler Durden (perso du film fight club)[,7043
Tyrion Lannister,6611
Ulysse,6600
ulysse 31 (dessin anim√©),7467
un astronaute,6397
Un canard,4649
"Un con qui s'amuse √† cliquer que sur non",6748
un dragon,7349
Un fant√¥me ,1827
un jouet ,2342
Un lama,6384
Un lama bleu,6394
Un lapin,6388
Un marcassin ,1054
Un Minion ,1718
Un oiseau,7308
Un orc ,3048
UN PETIT MALIN QUI CLIQUE SUR TOUT! ,4524
Un rossignol,6754
Un singe,2013
Un zombie ,1161
Un zombie ou mort-vivant  ,3349
Une cacahu√®te,1075
Une fille dont tu es amoureux ,171
Une fille que vous avez aim√© sans retour ,4572
Une termite ,131
Urahara Kisuke ,1751
Usain Bolt,6549
Utau Hoshina / Utau Tsukiyomi ,2451
Utsuho Reiuji,6697
Vald (rapeur),7011
Vayne,6800
Vegedream,7240
V√©g√©ta (manga: dragon ball),4746
V√©g√©to (manga: dragon ball),132
"Vel'Koz (jeu: ligue of legend)",7560
vercing√©torix,6807
Vianney (chanteur),7162
Victor Hugo,6454
Vin Diesel (acteur),7606
Vincent Claude ,2128
Vlad III (roi de transylvanie),6791
Vladimir Poutine,6537
"Voldemort (personnage d'Harry Potter)",7315
Wall-E,6654
Walt Disney,6670
Walter White (Personnage de Breaking Bad),6634
Watt Tambor ,3394
Wayne Gretzky ,1187
White Len (jeu vid√©o:Melty Blood),67
Will Smith,6635
William Blaskowicz ,1978
William Shakespeare,6583
Willow Ufgood ,568
"Winnie l'ourson (personnage de dessin anim√©)",7060
Winston Churchill,6409
Wolfgang Amadeus Mozart (musicien),6942
Wolverine (personnage des X-Men),7055
wonder woman,6874
Woodkid (chanteur-compositeur),6674
woody woodpecker,7444
Wrex (Mass effect),7213
XIII,6829
XiJingping,7594
Yagami Light (Personnage Principale de Death Note),6928
Yandere-chan,6698
Yann Barthes (presentateur t√©l√©),7216
"Yann Moix (√©crivain, animateur TV)",7539
Yann Ricquebourg (enseignant INSA Rennes),6531
Yannick Noah,5257
Yasuo (LoL),7624
Yngwie Malmsteen,6467
Yoann Gourcuff,6570
Yoda (Jedi de Star wars),7378
Yoko Tsuno (perso bande dessin√©),7532
Yoshi,6712
Yugi Muto ,4739
Yugo,7001
Yukio Mishima (√©crivain japonais),6669
Yves Montant (acteur),7110
Zack Branigan,6873
Zack Ryder ,2544
Zahia Dehar ,3199
Zbigniew Gutkowski (skipper polonais),6948
Zelda,6449
Zelda(princesse),7226
Zerator (streamer),6723
Zero Kyriu (manga Vampire Knight),7145
Zeus (dieu grec),7344
Zinedine Zidane,6374
Zlatan Ibrahimovic,6425
Zo√© Pesleux (√©tudiante INSA),7547
Zorro ,6136