Axe_X,Axe_Y,Name,Cluster
20.434433,11.863506,	Onyx ,Groupe 2
-6.614988,10.722245, Samir Loussif ,Groupe 3
29.335909,24.535378, zero (personnage de jeu),Groupe 2
12.4619,1.4968697,123,Groupe 0
-6.988523,14.086961,A rien lol,Groupe 3
-5.101667,-39.602825,aa,Groupe 0
-13.730218,-15.161047,Abe Shinzo ,Groupe 0
-18.176252,16.962826,Abel ,Groupe 3
-8.516051,-61.747887,Abel Jabri,Groupe 0
-3.4414113,-64.01734,Abel Jabri (apiculteur de l'INSA),Groupe 0
-5.5796947,11.579984,Abigail Marston ,Groupe 3
13.132613,35.063614,Abraracourcix,Groupe 2
21.017023,42.757706,Actarus,Groupe 2
-26.20371,-16.522497,Ada Lovelace (comtesse brittanique programmeuse),Groupe 0
7.143736,-15.454283,Adam Ondra,Groupe 0
14.248787,-12.887611,Adele,Groupe 0
5.0241632,-58.690517,Ad√©mar Prothon (√©tudiant INSA),Groupe 0
23.260376,30.246763,Adibou,Groupe 2
-36.150448,-6.7418656,Adolf Hitler,Groupe 1
2.5825093,41.079113,Aelita Stones ,Groupe 2
27.262007,16.591042,Agent 47,Groupe 2
-4.414288,14.047974,Ahmed Chawki ,Groupe 3
-6.226533,15.802576,Ahmed mansour ,Groupe 3
20.043276,29.544395,Ahri (jeu League of Legends),Groupe 2
-5.9490256,-23.121233,Aim√© C√©saire (√©crivain),Groupe 0
-5.1734443,12.0504265,Aissa Mandi	 ,Groupe 3
0.40565714,-11.229899,Aja Naomi King (actrice am√©ricaine),Groupe 0
24.439087,12.901289,Akinator,Groupe 2
10.03775,2.0398135,Al Capone (gangster am√©ricain),Groupe 0
-31.143885,-12.70457,Al-Khwarizmi (math√©maticien arabe du 10e si√®cle),Groupe 0
20.67454,43.954773,Aladdin,Groupe 2
-12.575756,-48.36853,Alain Delon,Groupe 4
-10.909396,-58.238667,Alain Jupp√©,Groupe 0
-4.0770187,-62.310688,Alain Le Boulch,Groupe 0
-18.270285,-46.51534,Alain Prost,Groupe 4
-13.399066,-56.911236,Alain Soral (Essayiste),Groupe 0
-28.07042,-16.464699,Alan Turing,Groupe 0
19.453133,-19.4125,Alan Walker (DJ  britannico-norv√©gien),Groupe 0
9.449074,37.483875,Albator,Groupe 2
-2.2159994,-27.366373,Albert Camus,Groupe 0
-21.093569,-29.07335,Albert Einstein,Groupe 1
-11.286973,-31.70836,Albert Jacquard (biologiste fran√ßais),Groupe 0
1.4680253,31.502846,Albus Dumbledore (personnage de Harry Potter),Groupe 2
15.903614,8.8309,Alduin (personnage de Skyrim),Groupe 2
7.1048136,1.2081774,Aleister Crowley ,Groupe 3
-1.2914133,31.911987,Alex (Totally Spies),Groupe 2
1.5909513,-60.38383,Alex Keryhuel (√©tudiant INSA),Groupe 0
1.8146763,-16.848293,Alex Thompson,Groupe 0
34.64903,42.94421,Alex Vaus (Personnage de serie TV:Orange is the new black),Groupe 2
-4.684929,-58.262196,Alexandre Benalla,Groupe 0
-26.980837,-42.20339,Alexandre Lacazette,Groupe 0
-16.215408,-16.190292,Alexandre le Grand ,Groupe 0
-23.01726,-9.638155,Alfred Hitchcock,Groupe 0
9.868268,25.728796,Alice (du livre Alice au pays des merveilles),Groupe 2
-23.580492,-41.6955,allison pineau (joueuse de handball),Groupe 0
19.507845,30.947577,Aloy (Horizon : zero dawn),Groupe 2
-26.863348,-37.593513,alphonse Mar√ßay,Groupe 0
30.821505,22.328772,Altair,Groupe 2
-7.6784954,13.38627,Amadou Toumani Tour√© ,Groupe 3
-29.632757,-7.543271,Amaterasu (d√©esse japonaise du soleil),Groupe 0
-5.303473,14.259313,Amaterasu Okami ,Groupe 3
-8.050357,-24.303116,Ambroise Par√©,Groupe 0
-23.739435,-11.787585,Amelia Earhart,Groupe 0
-22.822794,-39.405067,Am√©lie Mauresmo,Groupe 0
-28.875097,-39.74225,Amine Harit (footballeur),Groupe 4
-6.104561,14.074888,Amiral Yamamoto ,Groupe 3
-7.521817,27.696707,Amy Reid ,Groupe 3
8.223963,38.51709,Anakin Skywalker,Groupe 2
-1.5761874,-27.20862,Andr√© Malraux,Groupe 0
-7.1524487,14.926779,Andr√© Mathevet ,Groupe 3
-7.9653845,15.138585,Andrew Martin ,Groupe 3
10.623508,36.476063,Andrew Wiggins (personnage livre),Groupe 2
23.866085,9.52094,Anduin Wrynn,Groupe 2
-6.8429356,11.5569935,Andy ,Groupe 3
-1.1758701,-8.924054,Andy Serkis (acteur brittanique),Groupe 0
18.015425,-25.45299,Angela Merkel,Groupe 4
-1.2033612,-8.787044,Angelina Jolie (actrice),Groupe 0
-6.3669777,14.846357,Anissa ,Groupe 3
-14.225355,-27.369402,Anne de Bretagne,Groupe 4
-11.817315,0.5765329,Anne Hidalgo ,Groupe 3
20.777636,-26.711924,Annie Cordy,Groupe 0
-19.20785,7.8097744,Ant-man ,Groupe 3
12.3127165,36.550156,Ant-man (super h√©ros Marvel),Groupe 2
-22.967352,-39.27594,Anthony Cornet (rameur barreur fran√ßais),Groupe 0
-7.807726,14.137915,Anti-venom ,Groupe 3
-20.038757,-43.13553,Antoine Albeau (sportif (planche √† voile) francais le plus titr√© ,Groupe 0
-7.1287794,12.172537,Antoine Barrier ,Groupe 3
1.2028049,-56.788147,Antoine Daniel (vid√©aste web),Groupe 0
-13.537427,-54.37051,Antoine de Caunes ,Groupe 0
-29.931011,-42.1047,Antoine Griezmann (Footballeur fran√ßais),Groupe 4
4.8603168,-61.06839,Antonin Fleury,Groupe 0
-16.509554,13.7580385,Apu Nahasapeemapetilon ,Groupe 3
11.306176,4.483908,Aquarius ,Groupe 3
12.357922,38.734283,Aragorn (Le Seigneur des Anneaux),Groupe 2
7.6962233,35.888924,Ar√®s (dieu grec de la guerre),Groupe 2
15.7621975,-10.867557,Ariana Grande (chanteuse am√©ricaine),Groupe 0
23.876457,6.941312,Ariane,Groupe 2
18.644558,23.026428,Ariel,Groupe 2
-22.298798,-44.62201,Armel Le Cl√©ac'h,Groupe 4
-8.949048,-13.400574,Arnold Schwarzenegger,Groupe 4
10.24502,52.793156,Artemis (d√©esse grecque),Groupe 2
-3.6303034,35.71037,Arthas (Roi-Liche de Warcraft),Groupe 2
33.834366,24.90272,Arthur Morgan (personnage de Red dead Redemption 2),Groupe 2
5.056794,42.4558,Arya Stark,Groupe 2
-2.3365338,-13.165615,Asa Akira,Groupe 0
11.072398,37.044205,Ashitaka (personnaage film d'animation),Groupe 2
-7.2131853,10.097708,Ashura √îtsutsuki ,Groupe 3
-5.1397614,13.511465,Aspicot (pokemon)  ,Groupe 3
19.5334,43.89202,Ast√©rix (personnage de BD),Groupe 1
11.789742,24.840086,Asuna (Sword Art Online),Groupe 2
-5.5498,14.99233,Atomic Betty ,Groupe 3
-29.125603,0.79598266,Attila (roi de huns),Groupe 0
-24.88001,-11.015684,August Ames (rip),Groupe 0
-10.961782,-30.127104,Augustin Louis Cauchy (math√©maticien fran√ßais),Groupe 0
14.026259,-10.765255,Axl Rose (chanteur de Guns N' Roses),Groupe 0
-4.348533,13.279213,Axoloto ,Groupe 3
3.991962,-44.25283,Aya Nakamura (chanteuse),Groupe 0
-8.547161,13.546075,Ayano Kannagi ,Groupe 3
4.61481,-46.91638,B2O le duc de Boulogne,Groupe 0
12.28294,13.375037,Babar (√©l√©phant de dessin anim√©),Groupe 2
-19.744778,6.4313626,Bahamut ,Groupe 3
5.025384,26.088474,Balthazar Picsou ,Groupe 2
-5.0442963,12.797137,Balthazar/Cole Turner ,Groupe 3
16.20481,-20.014666,Banksy (artiste brittanique),Groupe 0
-21.17499,-30.159172,Barack Obama,Groupe 1
13.222106,14.126991,Barbapapa,Groupe 2
34.011395,21.913862,Bart,Groupe 2
32.119434,39.607697,Bart Simpson,Groupe 2
18.102905,45.36059,Batman,Groupe 1
-4.528875,14.799521,Baxter Stockman ,Groupe 3
8.111358,31.454363,Bellatrix Lestrange (perso de Harry Potter),Groupe 2
27.493591,36.18768,Belle (La Belle et la B√™te),Groupe 2
9.965596,9.599767,Belle et S√©bastien,Groupe 3
10.029986,9.544301,Belphegor ,Groupe 3
-1.6423191,-8.956857,Benedict Cumberbatch,Groupe 0
-15.229572,-15.622326,Benjamin Franklin,Groupe 0
18.17427,-23.371494,Benyamin Netanyahou (premier ministre Isra√´l)),Groupe 0
-18.164703,-44.75433,Bernard Hinault (cycliste fran√ßais),Groupe 0
-3.1389656,-50.298557,Bernard Minet (Chanteur),Groupe 0
-14.10388,-49.855854,Bernard-Henry L√©vy (philosophe imposteur),Groupe 4
-2.0338318,-46.945526,Betrand Cantat,Groupe 0
12.617503,-15.870557,Beyonc√©,Groupe 4
3.367673,-45.101437,Bilal Hassani (chanteur fran√ßais),Groupe 0
10.227117,52.799824,Bilbon Saquet (hobbit),Groupe 2
11.097994,-8.310586,Bill Clinton (42e pr√©sident am√©ricain),Groupe 0
11.733234,-7.6933465,Bill Gates,Groupe 0
13.612576,-7.664265,Bill Gates (Fondateur de Microsoft),Groupe 4
10.872546,38.387814,Black Panther (super h√©ros Marvel),Groupe 2
-5.835742,13.375109,Black Star ,Groupe 3
31.847881,42.001877,Blair Waldorf (s√©rie TV: Gossip Girl),Groupe 2
-8.944052,-27.318424,Blaise Pascal,Groupe 0
24.010572,29.694256,Blanche Neige ,Groupe 2
16.310003,30.113455,Blondin (le bon la brute et le truand),Groupe 2
28.221254,44.22175,Bob l'√©ponge (personnage de dessin anim√©),Groupe 2
27.403534,37.972466,Bob le Bricoleur,Groupe 2
5.5517926,-52.989815,Bob Lennon (vid√©aste fran√ßais),Groupe 0
-22.45927,-19.668068,Bob Marley,Groupe 4
18.707096,15.397221,Boga (perso animalier de Star Wars),Groupe 2
14.649646,-25.224318,Bonno (Chanteur de U2),Groupe 0
4.834297,-47.71276,Booba ,Groupe 0
6.2884884,-11.813778,Bouna Sarr,Groupe 0
13.288363,9.265765,Bowser (jeu vid√©o Mario),Groupe 2
11.895467,8.691527,Bowser Jr. (jeu vid√©o Mario),Groupe 2
25.703232,31.716864,Bowsette (hybride Peach & Bowser),Groupe 2
-10.380092,-9.038697,Brad Pitt,Groupe 0
14.504963,28.84399,Brice de Nice,Groupe 2
-11.730659,2.7193615,Brienne de Torth ,Groupe 3
-10.224528,-44.78746,Brigitte Bardot,Groupe 0
-10.364523,-45.168415,Brigitte Macron,Groupe 0
5.7253,34.30477,Broly (manga dragon ball),Groupe 2
-27.845766,-11.92371,Bruce Lee,Groupe 0
-0.5878107,32.55603,Bruce Wayne (Batman),Groupe 2
-8.350297,-11.23758,Bruce Willis,Groupe 0
-5.733236,10.71799,Bruno Senna ,Groupe 3
9.700502,18.046665,Bulbizarre (pokemon),Groupe 2
19.918386,12.448829,C3PO ,Groupe 2
20.271503,-20.781078,Caballero (rappeur),Groupe 0
31.081663,15.762889,Caca (d√©esse romaine du foyer et du feu) ,Groupe 2
-23.178555,17.57245,Caca bouda ,Groupe 3
12.032245,5.578677,Ca√Øn (premier fils d'Adam et Eve),Groupe 2
-5.7661185,12.571158,Cait Sith ,Groupe 3
10.088014,15.237387,Calim√©ro ,Groupe 2
8.6179495,-10.532647,Cam Newton (joueur am√©ricain de football am√©ricain),Groupe 0
-9.740721,-29.091293,Camille Claudel,Groupe 0
29.75985,38.68391,Candy,Groupe 2
14.848676,26.447605,Capitaine Flam (personnage dessins anim√©s),Groupe 2
32.332733,34.10729,Capitaine Haddock,Groupe 2
16.46079,45.503223,Captain America ,Groupe 2
1.4562126,31.483059,Carl ( personnage de The walking dead ),Groupe 2
9.634202,-7.6875725,Carl Lewis (athl√®te am√©ricain),Groupe 0
-23.327372,-10.518414,Carl Sagan (scientifique am√©ricain),Groupe 0
-11.022966,-22.337326,Carlos (Tirelipimpon),Groupe 0
-6.9632893,-51.89632,Carlos Ghosn,Groupe 0
-9.771846,-28.979727,Caroline Aigle (pilote de chasse),Groupe 0
-7.8427467,8.132363,Caroline Channing ,Groupe 3
-23.812992,-9.206599,Carrie Fisher (Actrice de Leia),Groupe 0
22.232056,10.278856,cars (personnage voiture dessin anim√©),Groupe 2
3.144636,-0.7098833,Cartman ,Groupe 3
33.10101,39.251698,Cartman (Personnage de South park),Groupe 2
14.945412,18.068499,Casimir (personnage de vieux dessin anim√©),Groupe 2
23.344044,2.3357925,Casper,Groupe 2
-6.8366146,9.471243,Casquette ,Groupe 3
5.31969,37.69592,Castiel,Groupe 2
-8.982865,-19.680885,Catherine de Medicis,Groupe 0
-7.0625753,-23.377901,Cauchy (scientifique),Groupe 0
-6.261112,10.107627,C√©dric Barbosa ,Groupe 3
-7.482612,8.950337,C√©dric Orl√©ans ,Groupe 3
-7.8135605,-54.68666,C√©dric Villani,Groupe 0
20.401533,-24.393543,C√©line Dion,Groupe 4
-19.980818,-42.41463,C√©line Dumerc ,Groupe 0
9.784431,6.8421526,Celty Sturluson (Manga Durarara!!),Groupe 2
23.494583,36.077522,Cendrillon ,Groupe 2
-4.1244597,41.73453,Cercei Lannister,Groupe 2
21.93325,21.636679,cet ordinateur,Groupe 2
29.037508,39.125774,Chandler Bing (s√©rie tv friends),Groupe 2
15.969831,33.149876,Chandra Nala√†r,Groupe 2
-16.563393,-16.69541,Charlemagne,Groupe 4
-12.509011,-23.270454,Charles aznavour,Groupe 0
-1.046376,-60.61847,Charles Cornet (prof. INSA),Groupe 0
-26.108246,-15.891759,Charles Darwin,Groupe 0
-18.582464,-28.69964,Charles de Gaulle ,Groupe 1
-26.612856,-13.62959,Charles Martel (Arri√®re grand p√®re de Charlemagne),Groupe 0
-3.706595,-27.64989,Charles Maurras (intellectuel fran√ßais),Groupe 0
10.029988,9.544302,Charles Montgomery (Monty) Burns ,Groupe 3
-8.428865,-18.620356,Charles Spencer Chaplin,Groupe 0
-22.030302,-10.213316,Charlie Chaplin,Groupe 0
-26.052258,-17.165606,Charlotte Bronte (ecrivain anglaise),Groupe 0
-5.953408,-41.053753,Charlotte Richard,Groupe 0
-34.221542,-8.163833,Che Guevara,Groupe 0
6.169438,5.416392,Cheikh Ndoye,Groupe 0
-25.784063,-6.8798823,Chester Bennington (chanteur Linkin Park),Groupe 0
-11.837955,-22.872145,chevalier de Saint-George (escrimeur et musicien fran√ßais),Groupe 0
12.439033,31.389397,Chewbacca,Groupe 2
-3.7678635,11.405584,Chien ,Groupe 3
9.095125,24.578398,Chiiro,Groupe 2
-5.9914865,9.359755,Chilled (Dragon Ball),Groupe 3
-16.442623,-21.817274,Chopin,Groupe 0
-17.623611,-44.311554,Christian Fazzino (p√©tanqueur),Groupe 0
-10.834386,-52.489326,Christian Raymond (prof. INSA),Groupe 4
-10.810679,-43.266926,Christian Taubira (femme politique),Groupe 4
1.0621953,-47.584198,Christophe Ma√©,Groupe 0
2.3313036,-16.35057,Christopher Froome (cycliste),Groupe 0
18.50561,-18.155087,Christopher Nolan (r√©alisateur britanno-am√©ricain),Groupe 0
14.994033,46.645477,Chuck Bartowski ,Groupe 2
-9.224744,-13.890447,Chuck Norris,Groupe 4
21.40144,36.527283,Chun-Li (jeu vid√©o Steet-Fighter),Groupe 2
-29.038252,1.0380986,Cic√©ron (consul Romain),Groupe 0
-2.9015043,12.598285,Clara Alonso ,Groupe 3
-8.322429,-45.69403,Clara Morgane (Actrice),Groupe 0
32.514168,40.530983,Clara Oswald (personnage de Doctor Who),Groupe 2
-16.96467,-22.385996,Claude Fran√ßois,Groupe 0
-1.8302128,-55.633896,Cl√©ment Aycard (majorant),Groupe 0
-31.354927,-9.549921,cleopatre,Groupe 4
-12.964687,-14.58836,Clint Eastwood,Groupe 0
-13.12095,-26.676174,Clovis (roi des francs saliens),Groupe 4
-6.9999976,-25.373774,Coluche,Groupe 4
-3.5667005,8.616089,Commando Clone ,Groupe 3
27.135971,16.538406,Corvo Attano ,Groupe 2
-3.225709,13.379676,Corvus ,Groupe 3
-19.046286,22.636396,Cranky Kong ,Groupe 3
29.349415,21.575552,Crash Bandicoot,Groupe 2
4.485481,-19.294691,Cristiano Ronaldo ,Groupe 4
-4.8328876,10.136652,Croutard ,Groupe 3
-9.624952,9.257303,Cthulhu ,Groupe 3
18.430573,25.951267,Curly Brace,Groupe 2
15.308252,34.55175,Cyclope (personnage des X-Men),Groupe 2
2.0950468,-54.60654,cyprien,Groupe 0
0.35292232,-53.824116,Cyprien Iov,Groupe 0
6.5323825,-3.0363917,Cyril Dumoulin ,Groupe 3
-6.61228,-60.387417,Cyril Hanouna,Groupe 0
4.055158,-54.000957,d,Groupe 0
-4.8524027,23.11581,Daario Naharis ,Groupe 3
3.4631913,43.671467,Daenerys Targaryen (Game of throne),Groupe 2
27.442636,37.981342,Daiki Aomine (personnage de manga),Groupe 2
15.513991,-23.918999,Dala√Ø-lama,Groupe 0
7.271099,22.638933,Dalida (chanteuse franb√ßaise),Groupe 0
20.196657,-20.72815,Damien Chazelle (r√©alisateur),Groupe 0
-4.3576956,8.18549,Damon Hill ,Groupe 3
20.19343,-18.45692,Damso (William Kalubi rappeur),Groupe 0
8.79937,-1.9817252,Daniel Bryan (catcheur wwe),Groupe 2
-19.56897,-43.279274,Daniel Narcisse,Groupe 0
-23.719793,-41.91203,Daniel Narcisse (Joueur de handball fran√ßais),Groupe 0
0.22703284,-14.375165,Daniel Radcliffe,Groupe 0
-9.261753,-43.14565,Danielle Quichaud,Groupe 4
0.013555191,-56.95215,Daniil le Russe (youtubeur),Groupe 0
-10.87643,-48.103943,dany boon,Groupe 0
-5.070634,10.968536,Dark Krayt ,Groupe 3
17.629711,43.91417,Dark Vador,Groupe 1
-27.304125,-16.984722,darwin,Groupe 0
0.5712026,-17.882326,David Beckham,Groupe 0
-20.426462,-42.94158,David Belle (sportif acteur fran√ßais),Groupe 0
-23.985092,-19.811342,David Bowie,Groupe 4
15.189078,-12.291554,David Copperfield (Magicien),Groupe 0
-17.838154,-44.433384,David Douillet (judoka fran√ßais),Groupe 0
13.719709,-11.627322,David Fincher (R√©alisateur),Groupe 0
12.276426,-10.316428,David Gilmour,Groupe 0
0.9036925,-45.698742,David Guetta,Groupe 0
-0.40944728,-48.117046,david halliday,Groupe 0
-6.523221,-58.363632,David Pujadas (pr√©sentateur France 2),Groupe 0
-19.781872,-42.774567,DAVID SKRELA,Groupe 0
-1.079753,-18.240774,David Tennant ,Groupe 0
0.017993923,-56.32267,DavidLaFargePok√©mon (youtubeur),Groupe 0
-8.230697,-11.251607,De niro (acteur),Groupe 0
27.616781,39.6016,Dean,Groupe 2
-0.117721096,32.8055,Dean (personnage de Supernatural),Groupe 2
15.984155,5.1384187,Deathstroke (Slade Wilson dans DC comics),Groupe 2
-1.8955387,11.68919,Deliora ,Groupe 3
31.020689,30.475492,D√©tective Conan,Groupe 2
-2.8796635,9.170818,Devin Weston ,Groupe 3
23.70279,12.813086,DevINSA,Groupe 2
2.283418,34.786198,Dexter Morgan,Groupe 2
-4.1660557,9.820211,Dialga ,Groupe 3
-5.4625945,9.96334,Diana Bishop ,Groupe 3
-2.305126,13.520103,Dianth√©a ,Groupe 3
-15.881907,-48.79463,Didier Deschamps,Groupe 4
21.394617,-21.339941,Didier Drogba (footballeur Ivoirien),Groupe 0
23.2878,3.912822,Dieu ,Groupe 2
5.869428,-50.011074,Dieudonn√© (humoriste),Groupe 4
-26.200502,-41.850517,Dimitri Payet,Groupe 0
13.267398,4.9979854,Dingo (ami de mickey),Groupe 2
2.657364,37.1256,Dio Brando (JoJo Bizarre Adventure),Groupe 2
-0.318462,-47.368565,Dj Snake (Dj),Groupe 0
-30.635662,-12.665698,Dmitri Mendele√Øev (chimiste russe),Groupe 0
19.981703,18.564169,Dobby (Personnage de Harry Potter),Groupe 2
29.750422,35.548912,Doc brown,Groupe 2
33.165432,40.902508,Docteur House (personnage),Groupe 2
-2.077911,10.787146,Docteur Kureha ,Groupe 3
7.214563,-52.183567,domingo,Groupe 0
-2.8161638,11.788283,Dominique Gros ,Groupe 3
-8.506568,-57.971222,Dominique Strauss-Kahn (dit DSK homme politique),Groupe 0
11.569578,37.902657,Don  quichote,Groupe 2
-3.5993457,10.610296,Don Chinjao ,Groupe 3
-3.6682396,12.074124,Don King ,Groupe 3
18.435034,17.334654,Donald Duck,Groupe 2
-21.19348,-30.281277,Donald Trump,Groupe 1
8.78653,25.072659,Dora,Groupe 2
28.160872,40.802887,Dora l'exploratrice (dessin anim√©),Groupe 2
25.42088,26.409546,Doraemon,Groupe 2
-2.4660015,10.0098715,Dr Gero (Dragon Ball),Groupe 3
6.714333,-54.295002,Dr Nozman(Youtuber),Groupe 0
11.038242,15.891593,Dracaufeu (animal Pokemon),Groupe 2
4.935251,28.620443,Dracula,Groupe 2
15.057929,33.13414,Drago Malefo (personnage Harry Potter),Groupe 2
-20.302181,7.470832,Dragon √©toile filante ,Groupe 3
-2.0076764,12.6233835,Drattak ,Groupe 3
-2.9269857,10.979746,Duchesse ,Groupe 3
-5.0942526,9.1671095,Duff ,Groupe 3
15.706023,47.025043,Duke Nukem,Groupe 2
-8.506227,-11.945728,Dwayne Johnson (The Rock),Groupe 0
-4.355494,-9.751446,E,Groupe 0
17.637417,15.62516,E.T. (alien),Groupe 2
-25.258833,-36.482327,Earvin Ngapeth,Groupe 0
18.630682,24.805279,Eckko ( champion league of legends),Groupe 2
21.998167,-18.33293,Ed Sheeran (chanteur),Groupe 0
5.040972,-10.729559,Eden Hazard ,Groupe 0
5.0751243,-10.759837,Edinson Cavani (footballer paris),Groupe 0
33.605312,23.788874,Edward Kenway (perso jeu Assassin's Creed),Groupe 2
14.784543,-13.830792,Edward Snowden,Groupe 4
22.571024,10.0119,Edward Teach / Barbe Noire ,Groupe 2
32.313133,42.415752,Elliot (s√©rie Mr.Robot),Groupe 2
11.224054,-14.286249,Elon musk,Groupe 4
15.335215,-15.414233,Elon Musk (Pdg Tesla & SpaceX),Groupe 0
10.459521,24.130701,Elsa,Groupe 2
18.04146,-20.228802,Elton John,Groupe 0
-5.691181,-27.37105,Emile Zola,Groupe 0
-0.2286522,-13.568351,Emilia Clarke (acteur de Game of Thrones),Groupe 0
6.0643287,-17.896877,Emiliano SALA (footballeur attaquant fc nantes),Groupe 4
12.661294,-14.332291,Eminem,Groupe 4
17.362518,-10.655453,Eminem (chanteur),Groupe 4
-3.8230343,12.818179,Emiya Kiritsugu ,Groupe 3
-0.8339441,-14.627638,Emma Stone (actrice),Groupe 0
-1.3091812,-15.199489,Emma Watson,Groupe 0
-21.906847,-30.144115,Emmanuel Macron (pr√©sident de la R√©publique Fran√ßaise),Groupe 1
-3.9743948,-40.002216,Enora L (Etudiante INFO promo 2018),Groupe 0
-4.566353,11.52506,Ephialt√®s ,Groupe 3
10.019921,38.153385,Eragon (personnage de roman de fantasy,Groupe 2
-4.880054,-55.45215,Eric Antoine,Groupe 0
-17.241423,-42.06245,√âric Cantona,Groupe 0
-12.804552,24.13229,Eric Clapton ,Groupe 3
-15.778988,-48.677235,√âric Di M√©co (ancien joueur de l'OM),Groupe 4
16.642319,-8.085111,Eric Th√©odore Cartman ,Groupe 2
-3.5110073,-64.08556,Erwan Legruyer (chercheur INSA),Groupe 0
-3.390862,9.857244,Erza Scarlett ,Groupe 3
-28.133892,-9.588108,Escher,Groupe 0
-5.1157107,7.8069663,Esperanza Gomez ,Groupe 3
6.254488,45.234913,Esteban (cit√©s d'or),Groupe 2
0.4716394,-64.80122,√âtienne Chouard (militant politique),Groupe 0
-7.295232,-56.751785,√âtienne Klein (physicien fran√ßais),Groupe 0
-11.311268,-31.666555,Eug√®ne Delacroix (peintre du 19√®me),Groupe 0
-6.984098,-30.058231,Eug√®ne Livet (√©ducateur fran√ßais),Groupe 0
-9.24919,-30.752863,Eug√©nie Brazier (chef cuisini√®re),Groupe 0
-4.34209,9.097487,Eustass "Captain" Kidd ,Groupe 3
12.53488,32.326294,Ewok,Groupe 2
25.361769,30.421925,Eyeshield 21,Groupe 2
36.068405,22.314924,Ezio Auditore da Firenze (jeu assassin creed),Groupe 2
-11.467265,-44.458797,f,Groupe 0
-15.84619,-39.568497,Fabien Barthez,Groupe 4
3.3894885,-61.34731,Fabien desgranges,Groupe 0
-28.483103,-41.189816,Fabien Lemoine (footballeur),Groupe 0
-23.17866,17.572414,Facteur Yacinthe ,Groupe 3
-30.163513,-9.269837,Fedor Dosto√Øevski,Groupe 0
-4.361525,10.771732,Felicity Smoak ,Groupe 3
16.807606,15.072193,Ferris (Mascotte de rust),Groupe 2
-6.0591083,7.764819,Ferris Eris ,Groupe 3
-30.710955,-7.48109,Fidel Castro (ancien dictateur de Cuba),Groupe 0
25.861006,27.209816,Fil√©mon (perso BD),Groupe 2
-23.178871,17.572397,Flairsou ,Groupe 3
-6.552884,8.69071,Flash McQueen ,Groupe 3
3.5955367,-6.782489,Flea (Red Hot Chilli Peppers),Groupe 0
-6.945656,7.878642,Fleur Piranha ,Groupe 3
-9.118538,-46.568817,Florence Foresti,Groupe 0
-27.07559,-42.927765,Florent Manaudou,Groupe 0
-2.6755118,-49.743717,Florent Pagny,Groupe 0
2.1494217,-59.626167,Florian Lisieux (√©tudiant INSA),Groupe 0
20.104422,-17.717478,Flume (musicien),Groupe 0
12.544525,36.611504,Ford Prefect (perso du Guide du voyageur galactique),Groupe 2
-5.5947394,8.598478,Foued Kadir ,Groupe 3
-13.753739,-23.790808,France Gall,Groupe 0
-27.569817,-41.095978,Franck Ribery (footballeur),Groupe 0
-1.9224441,-48.972134,Francky Vincent,Groupe 0
-13.860499,-26.895422,Fran√ßois 1er,Groupe 4
-10.4814415,-59.570972,Fran√ßois Asselineau (pr√©sident UPR),Groupe 0
-12.8938,-57.67747,Fran√ßois Fillon,Groupe 4
-21.648062,-30.14275,Fran√ßois Hollande,Groupe 1
-6.9950204,-1.4933759,Fran√ßois II ,Groupe 3
-7.043596,-28.080362,Fran√ßois Mitterand,Groupe 4
31.279589,30.23952,Fran√ßois Pignon (personnage de films),Groupe 2
-3.1112778,-27.14992,Fran√ßoise DOLTO,Groupe 0
29.88885,44.12757,Franklin,Groupe 2
-29.87907,-15.359931,Freddy Mercury (chanteur de Queen),Groupe 4
-11.568968,-30.337858,Fr√®res Lumi√®re,Groupe 0
-8.165201,-24.303173,Freud,Groupe 0
15.29195,39.580414,Frodon,Groupe 2
1.2024654,-55.771244,Gab35 (youtubiste),Groupe 0
7.1418095,-15.435991,Gabriela Sabatini (tenniswoman argentine),Groupe 0
5.021114,-50.160244,Gad Elmaleh (Humoriste),Groupe 0
-25.443705,-44.146057,Ga√´l Monfils (tennisman),Groupe 0
20.37638,21.175505,Ga√Øa,Groupe 2
-4.456552,12.290422,Gajeel Redfox ,Groupe 3
0.36212564,-11.217707,Gal Gadot (actrice Isra√©lienne),Groupe 0
-31.818819,-10.652143,Galil√©e,Groupe 0
17.264074,36.842937,Gandalf,Groupe 2
15.217893,42.626774,Gandalf (le seigneur des anneaux),Groupe 2
-32.585762,-9.637218,gandhi,Groupe 4
-2.8274639,36.790745,Ganondorf ,Groupe 2
21.858267,16.683168,Ganym√®de (oiseau compagnon de Bastion jeu vid√©o Overwatch),Groupe 2
33.720345,23.821877,Garen (jeu vid√©o League of Legends),Groupe 2
14.058394,18.267733,Garfield,Groupe 2
27.226456,32.696114,Gargamel (BD les Schtroumf),Groupe 2
11.585514,23.57344,Gasai Yuno (manga Mirai Nikki),Groupe 2
23.775354,44.26089,Gaston Lagaffe ,Groupe 2
22.02539,7.2605557,G√©ant Vert,Groupe 2
-3.7631924,-6.9811783,Gene Hackman (acteur am√©ricain),Groupe 0
11.306244,4.4834156,G√©n√©ral Shepard (Mass Effect),Groupe 3
23.446632,2.0260494,Genie Dans Aladin ,Groupe 2
-29.378946,-11.044302,Georg Friedrich Bernhard Riemann (math√©maticien allemand),Groupe 0
31.632652,31.166906,George Abitbol (film La Classe am√©ricaine),Groupe 2
-3.6784737,-57.769226,George Boole (math√©maticien brittanique),Groupe 0
-9.358895,-8.935619,George Clooney ,Groupe 0
-23.741768,-12.57977,George Washington (pr√©sident am√©ricain),Groupe 0
-16.304884,-21.829395,Georges Bizet (musicien fran√ßais),Groupe 0
-12.668727,-23.703949,Georges Brassens (chanteur),Groupe 0
-7.3189063,-30.017948,Georges Clemenceau ()[Dhomme politique),Groupe 0
-13.360624,-49.284306,G√©rard Depardieu,Groupe 4
-7.1142592,-59.186058,G√©rard Majax (illusioniste),Groupe 0
-17.117409,-46.47918,G√©rard Vaillant (enseignant √† l'INSA),Groupe 0
-20.301893,7.470736,Ghost Rider ,Groupe 3
4.664034,-44.03803,Gi√©dr√© (chanteuse),Groupe 0
-19.046318,22.636408,Gilgamesh ,Groupe 3
14.199928,35.72495,Gimli,Groupe 2
-8.750146,9.640892,Ginrei Kuchiki ,Groupe 3
22.993328,-12.359201,girafe,Groupe 0
-31.822723,-15.712,Giuseppe Verdi (compositeur romantique italien),Groupe 0
16.57855,8.766284,GLaDOS (jeu vid√©o Portal),Groupe 2
-6.2871947,12.112798,Glen Johnson ,Groupe 3
-6.7779384,-21.503414,Godefroy de Bouillon,Groupe 0
-20.471195,13.004344,Gokudera Hayato ,Groupe 3
22.053215,12.633241,Goldorak,Groupe 2
19.060282,9.315951,Gollum,Groupe 2
5.235606,41.248074,Gon (Hunter x hunter),Groupe 2
-7.9255943,9.56651,Gonzalo Higuain ,Groupe 3
35.43338,23.225306,Gordon Freeman ,Groupe 2
15.352049,-18.634066,Gordon Ramsay,Groupe 0
-2.654032,-57.318565,Gotaga (Corentin Houssein joueur de jeu video),Groupe 0
-29.327612,-9.570462,Gottfried Wilhelm Leibniz (polymate allemand),Groupe 0
-8.028973,-33.473003,Grace Kelly ,Groupe 0
-14.846058,-14.225119,Graham Chapman ,Groupe 0
15.691358,47.19932,Green Arrow ,Groupe 2
-8.935339,10.461981,Gregory Goyle ,Groupe 3
10.764177,18.145546,Groot,Groupe 2
10.50733,18.680569,Grosminet,Groupe 2
18.868715,15.711921,Grosminet (personnage de Titi),Groupe 2
-8.341076,11.093851,Guigui ,Groupe 3
-6.9950204,-1.493376,Guillaume Apollinaire ,Groupe 3
-4.779206,-57.225365,Guillaume Meurice (chroniqueur radio),Groupe 0
-13.013048,-30.547043,Gustave Eiffel,Groupe 0
6.2539244,41.847443,Guts (Berserk),Groupe 2
-10.393785,-32.753296,Guy Ligier International de Rugby patron d'√©curie de sport auto constructeur automobile,Groupe 0
-15.9723625,-46.471302,Guy Nov√®s (entraineur de rugby),Groupe 0
18.324842,7.9514723,Had√®s,Groupe 2
14.773234,12.878245,HAL 9000 (ordinateur 2001 Odys√©e de l'Espace),Groupe 2
14.434848,38.60559,Han Solo (star wars),Groupe 2
-4.5210795,41.610462,Hannibal Lecter,Groupe 2
19.856905,16.380125,Happy ,Groupe 2
8.146493,-54.818726,Haroun (humoriste),Groupe 0
-9.405198,-8.127011,Harrison Ford,Groupe 0
20.43273,46.573273,Harry Potter (personnage de livre),Groupe 1
-9.271024,11.27502,Haru Glory ,Groupe 3
23.998722,31.913841,Hatsune Miku (humano√Øde japonaise),Groupe 2
-5.988574,-56.68672,hayao miyazaki,Groupe 0
-26.37281,0.99005103,HCMin,Groupe 0
10.044673,23.101984,H√©l√®ne de Troie,Groupe 2
-29.033304,-10.642937,Helmut Kohl (homme politique allemand),Groupe 0
-12.586302,-24.852797,Henri IV (roi de france),Groupe 0
-14.124702,-31.362577,Henri Poincar√©,Groupe 4
-11.257205,-29.573921,Henri-L√©on Lebesgue (math√©maticien),Groupe 0
-33.01223,-5.883271,Herbert Von Karajan,Groupe 0
15.618249,25.559813,Hercule (demi-dieu romain),Groupe 2
4.2744923,27.487885,Hercule Poirot,Groupe 2
-29.918446,-13.245379,Herg√© (dessinateur Tintin),Groupe 0
16.459188,35.314827,Hermione Granger ,Groupe 2
11.191522,-11.25512,Hillary Clinton (femme politique am√©ricaine),Groupe 0
11.735212,24.806145,Hinamori Amu (personnage principal du manga Shugo Chara),Groupe 2
26.464312,44.03867,Homer Simpson,Groupe 2
16.826323,-23.70635,Horst Seehofer (homme politique allemand),Groupe 0
15.278039,39.025772,Hubert Bonnisseur de la Bath,Groupe 2
-0.86123025,-50.158558,hubert felix thiefaine (chanteur),Groupe 0
21.36357,-22.448553,Hubert Reeves,Groupe 0
4.3325186,-60.53693,HUGO P√©lussin CDC (√©tudiant INSA),Groupe 0
-9.004632,12.707386,Hugo Simpson ,Groupe 3
12.429823,51.552143,Hulk,Groupe 2
13.258966,50.80676,Hulk (super h√©ros marvel),Groupe 2
-7.983935,12.060426,Hyomin ,Groupe 3
15.730089,46.953785,Ichigo Kurosaki (manga Bleach),Groupe 2
14.586104,16.756174,Id√©fix,Groupe 2
-8.651269,14.56584,Iggy Koopa ,Groupe 3
-24.277252,-10.878862,Il faut sauver Willy,Groupe 0
15.603644,7.2290587,Illidan Hurlorage,Groupe 2
10.715868,39.617683,Indiana Jones,Groupe 2
-19.046303,22.636368,Indira Priyadarshini Gandhi ,Groupe 3
3.2931411,27.331453,Inspecteur Columbo (perso s√©rie tv du m√™me nom),Groupe 2
-10.2089405,21.508934,Ion Antonescu ,Groupe 3
15.668064,43.922554,Iron Man /Tony Stark (Marvel),Groupe 2
-24.773466,-10.43771,Isaac Asimov,Groupe 0
-21.899525,-17.274818,Isaac Newton,Groupe 4
-14.750062,-44.029926,Isabelle,Groupe 0
-9.443628,-46.419727,Isabelle Adjani (actrice fran√ßaise),Groupe 0
-9.341815,14.052186,Itay Sheshter ,Groupe 3
-23.178806,17.572382,Ivan Ezequiel Lavezzi ,Groupe 3
-12.489108,-51.870148,Ivan Leplumey (enseignant INSA Rennes),Groupe 4
-7.329057,10.832183,Ivan Vanko (film: Iron Man),Groupe 3
32.140884,21.53363,Izuku Midoriya (h√©ros shonen),Groupe 2
19.3273,4.1841745,Izuna,Groupe 2
-8.790757,11.887856,J.P. Perkins ,Groupe 3
-27.357439,-17.729544,J.R.R Tolkien,Groupe 0
-11.809347,-0.507798,Jabba le Hutt	 ,Groupe 3
35.60497,23.370684,Jack Bioshock,Groupe 2
15.737226,33.51474,Jack Frost (L√©gende am√©ricaine),Groupe 2
-4.4909077,-11.127244,Jack Nicholson (acteur am√©ricain),Groupe 0
12.320356,28.99674,Jack Sparrow,Groupe 2
-8.411437,-9.99077,Jackie Chan (acteur chinois),Groupe 0
5.2152066,-1.0682402,jacques ANTILLE,Groupe 0
-31.519268,-14.931553,Jacques Brel (chanteur),Groupe 0
-9.05988,-56.68176,Jacques Cheminade,Groupe 0
-13.279422,-54.66476,Jacques Chirac,Groupe 4
-16.693968,-44.872833,jacques laffite,Groupe 0
-9.249247,-31.240143,Jacques Martin (animateur tv fran√ßais),Groupe 0
26.219654,32.65403,Jacquouille la fripouille (film Les visiteurs),Groupe 2
0.27635434,38.277225,Jaime Lannister ,Groupe 2
31.721296,44.50971,Jake Peralta (personnage de Brooklyn Nine Nine),Groupe 2
-4.717704,-65.832275,Jamal Benhlal (enseignant INSA),Groupe 4
-3.374747,-65.12682,JAMAL LE POTO DE TITOUAN,Groupe 0
-8.718164,-50.328125,Jamel Debbouze ,Groupe 0
29.912352,28.793474,James Adams,Groupe 2
17.879673,-19.58028,James Blunt (musicien brittanique),Groupe 0
16.274073,45.19838,James Bond,Groupe 2
2.3720992,-0.7761297,James Potter ,Groupe 3
4.3281026,-55.595417,Jamie (c'est pas sorcier),Groupe 0
-25.968025,-17.429733,Jane Austen,Groupe 0
10.5037775,24.3264,Jane Eyre,Groupe 2
-9.6942005,13.2063,Jango Fett ,Groupe 3
23.238289,9.702916,Janna (League of Legends),Groupe 2
-8.621046,8.691295,Jappeloup de Luze ,Groupe 3
26.121042,39.547047,Jasmine,Groupe 2
35.107788,22.784628,Jax,Groupe 2
-10.165837,11.230044,Jean Cassou ,Groupe 3
-5.096033,-28.296509,Jean d'Ormesson (acad√©mie fran√ßaise d√©c√©d√©),Groupe 0
-2.0482957,-28.449398,Jean de La Fontaine,Groupe 0
-4.6484656,-53.324177,Jean Dujardin,Groupe 4
-9.869019,10.299048,Jean Havoc ,Groupe 3
-16.299469,-44.4895,Jean Le Cam ()[Dnavigateur),Groupe 0
-6.728962,-57.698254,Jean Luc Reichmann,Groupe 0
-10.848334,-57.628605,Jean Marc Ayrault,Groupe 0
-3.5292094,-60.744877,Jean Messiha (√©narque et docteur en sciences √©conomiques),Groupe 0
-7.585186,-28.984932,Jean Moulin,Groupe 0
-30.452627,-12.86392,Jean Paul 2,Groupe 0
-9.267319,-58.3237,JEAN PAUL VIRAPOULLE (MAIRE DU 440),Groupe 0
-11.225358,-29.92504,Jean Perrin,Groupe 0
-16.911242,-44.88619,Jean Pierre Rives,Groupe 0
-6.3094187,-27.200354,Jean Racine (dramaturge fran√ßais),Groupe 4
-28.494263,-7.41979,Jean S√©bastien Bach,Groupe 0
-12.468786,17.051495,Jean XXIII ,Groupe 3
-5.401071,-28.188843,Jean-Christophe Victor,Groupe 0
6.532383,-3.0363896,Jean-Claude Fran√ßois ,Groupe 3
-8.033532,10.395353,Jean-Claude Pascal ,Groupe 3
-7.6220813,-13.975052,Jean-Claude Van Damme,Groupe 0
-0.41759294,-59.642475,Jean-David ,Groupe 0
-11.948802,-31.547161,Jean-Fran√ßois Champollion (√©gyptologue fran√ßais),Groupe 0
-3.7701666,-48.6137,Jean-Jacques Goldman (chanteur fran√ßais),Groupe 0
-2.989452,-27.622335,Jean-Jacques Rousseau,Groupe 0
-17.292145,-45.509357,Jean-Louis Gasset (entraineur foot),Groupe 0
-2.9390228,-63.70261,Jean-Louis Merrien (Professeur de Maths),Groupe 0
-9.778279,12.181314,Jean-Luc Bret ,Groupe 3
-11.466887,-56.77705,Jean-Luc M√©lenchon ,Groupe 0
-5.2848806,-59.927273,Jean-Marc Jancu (enseignant INSA),Groupe 0
-13.903886,-56.673805,Jean-Marie Le Pen,Groupe 4
-9.185423,-31.445793,jean-Paul Belmondo,Groupe 0
-8.199234,12.725307,Jean-Paul Rouland ,Groupe 3
-15.169711,-49.026737,Jean-Philippe Durand,Groupe 4
-8.628856,-29.52322,Jean-Pierre Coffe (animateur gastronome),Groupe 0
-7.04041,-58.160275,Jean-Pierre Pernault,Groupe 0
-10.537242,-28.106205,Jeanne d'Arc,Groupe 4
-7.662878,11.458669,Jeanne Hachette ,Groupe 3
22.709585,2.3939571,Jebediah Kerman ,Groupe 2
-20.30206,7.4707966,Jebediah Springfield ,Groupe 3
-1.5614201,-13.406213,Jennifer Lawrence (actrice principale de Hunger Games),Groupe 0
-6.1707325,11.3121395,Jennifer Morrison ,Groupe 3
-4.8125467,-64.047455,Jerome Trochon(professeur de math√©matiques),Groupe 0
20.818224,16.13922,Jerry,Groupe 2
6.1666946,-4.2313356,Jessica Alba (actrice am√©ricaine)),Groupe 0
32.18465,42.40856,Jessica Day (personnage de New Girl),Groupe 2
-6.7047954,13.4579935,Jessica Jung ,Groupe 3
-28.27388,-8.62438,Jesus,Groupe 0
-32.070602,-11.493895,J√©sus Christ ,Groupe 4
-14.569068,-14.685652,Jet Li,Groupe 0
-5.1650534,15.723136,Jiemma  ,Groupe 3
23.337448,30.286495,Jill (Va-11 Hall-a),Groupe 2
-6.7856884,-10.305616,Jim Carrey,Groupe 0
-20.908693,-10.174354,Jimi Hendrix,Groupe 4
-3.6337407,14.064281,Jimmy de Santa ,Groupe 3
17.518658,-14.121825,Jimmy Page (guitariste de Led Zeppelin),Groupe 0
-11.809382,-0.50778323,Jimmy Pegorino  ,Groupe 3
20.611593,32.964565,Jinx,Groupe 2
17.201698,-20.777176,JK Rowling,Groupe 0
17.736095,-19.563665,JK Rowling (auteure de Harry Potter),Groupe 0
-22.646425,-40.397747,Jocelyn Gourvennec (footballeur fran√ßais),Groupe 0
-24.503412,-44.439766,Joe Wilfreid Tsonga,Groupe 4
-3.4401925,15.026567,Jo√´l Barillet ,Groupe 3
31.081219,39.63116,Joey (friends),Groupe 2
-1.9467498,-1.5547127,Joffrey Baratheon ,Groupe 3
-4.1795945,15.611006,Johann Bois ,Groupe 3
-29.397549,-12.043734,Johannes Kepler (astronome),Groupe 0
-9.430276,-11.0612,John Cena (Catcheur),Groupe 0
6.9120445,-2.2640593,John Coffey ,Groupe 3
-25.100965,-11.178971,John Fitzgerald Kennedy (pr√©sident am√©ricain dit JFK),Groupe 0
-25.474123,-19.540834,John Lennon,Groupe 4
1.873223,30.809937,John Locke (s√©rie TV: Lost),Groupe 2
6.226117,33.11594,John Rambo,Groupe 2
33.09795,19.133043,John Watson,Groupe 2
-2.7334714,14.396054,Johnny Ace ,Groupe 3
-6.635839,-12.192929,Johnny Depp,Groupe 0
-16.422293,-31.32952,Johnny Halliday,Groupe 1
-13.106152,-22.541183,Johnny Halliday (musicien),Groupe 0
-6.9058614,-7.16594,Johnny Sins (acteur pornographique),Groupe 0
-1.7667009,31.721663,JOJO (personnage de s√©rie JOJO Bizarre adventure),Groupe 2
-0.81098354,37.63903,Joker,Groupe 2
6.6552114,43.994473,Jon Snow  (personnage de Game of thrones),Groupe 2
32.586895,21.286268,Jonathan Joestar (perso de manga),Groupe 2
1.4976959,-17.110231,JONNY WILKINSON,Groupe 0
-12.241375,12.864821,Jordan Amavi ,Groupe 3
-12.241375,12.864821,Jos√© Mujica ,Groupe 3
-33.032722,-7.3672175,Joseph Goebbels (dirigeant nazi),Groupe 0
14.755342,26.27251,Joseph Joestar (personnage Manga),Groupe 2
-35.295776,-6.707846,Joseph Staline,Groupe 4
32.85495,40.918064,Jos√©phine (s√©rie TV: Jos√©phine Ange Gardien),Groupe 2
22.167532,-2.138415,Josiane Villory,Groupe 0
-0.8852646,-60.116207,Josselin Stark,Groupe 0
3.6158683,-6.6788507,Joyce Carol Oates (romanci√®re am√©ricaine),Groupe 0
-4.8906765,-42.17064,Joyce Jonathan,Groupe 0
-12.580012,20.434511,Jubia Lokser ,Groupe 3
3.751907,-48.16394,Jul (rappeur),Groupe 0
-35.07458,-9.730942,Jules Cesar ,Groupe 4
-3.4126308,-27.532784,Jules Verne (√©crivain),Groupe 0
-12.241375,12.864821,Julien Brellier ,Groupe 3
0.45533,-46.99811,Julien Dor√© (chanteur),Groupe 0
10.128502,-18.5797,Julien Lepers,Groupe 0
-5.442804,17.70577,Juliet ,Groupe 3
-12.580012,20.434511,Julio (Le Grand H√¥tel) ,Groupe 3
28.9209,20.23188,Jupiter (Zeus romain),Groupe 2
16.894676,-11.719747,Justin Bieber,Groupe 0
5.6002665,-47.669575,Kaaris (rappeur),Groupe 0
-5.442804,17.70577,Kaguya ?tsutsuki ,Groupe 3
-29.265097,-42.274242,Karim Benzema (footballeur),Groupe 4
-29.376143,-9.7396965,Karl Marx,Groupe 0
-28.814684,-12.407644,Karl Weierstrass (math√©maticien allemand du 19√®me sci√®cle),Groupe 0
7.348664,39.513645,Katniss Everdeen,Groupe 2
-5.442804,17.70577,Katsumi ,Groupe 3
-4.4086156,23.576876,Katsura Kotonoha ,Groupe 3
4.572228,-15.113841,Kawhi leonard ( basketeur americain ),Groupe 0
-11.8093405,-0.507874,Kayako Saeki / The Grudge ,Groupe 3
18.950552,-20.993324,Keith Urban (chanteur),Groupe 0
-9.49529,16.916666,Kelly Groucutt ,Groupe 3
14.986294,-20.145353,Ken Block (pilote am√©ricain),Groupe 0
12.76688,28.719946,Ken le survivant (manga),Groupe 2
-0.46679395,-45.203354,Kendji Girac,Groupe 0
15.655455,-12.788832,Kendrick Lamar,Groupe 0
13.224017,15.256864,Kermit (marionette du muppet Show),Groupe 2
-1.6516569,-53.26527,Kev Adams,Groupe 0
-5.3258944,-9.65717,Kevin Costner (acteur am√©ricain),Groupe 0
-24.222082,-38.60463,Kevin Mayer (d√©cathlon),Groupe 0
-5.523379,-9.998985,Kevin Spacey (acteur am√©ricain),Groupe 0
-2.5665553,36.86368,Keyser Soze,Groupe 2
-9.49529,16.916666,Kiba Inuzuka ,Groupe 3
-9.49529,16.916666,Kick-Ass ,Groupe 3
16.562237,-24.983183,Kim Jong-un ,Groupe 0
-9.49529,16.916666,Kim Sung Kyu ,Groupe 3
21.541796,-16.067293,Kim Tae-hyung (chanteur sud-cor√©en),Groupe 0
14.635168,9.89224,King K. Rool (Donkey Kong Country),Groupe 2
-3.9457824,41.79982,Kira (death note),Groupe 2
8.525125,5.046465,Kirby,Groupe 2
24.136341,18.918993,Kirby (personnage de jeu vid√©o),Groupe 2
19.087261,12.046146,Kirikou,Groupe 2
34.645813,23.86343,Kirito (SAO),Groupe 2
10.9708395,33.223484,Kirua (du manga Hunter x Hunter,Groupe 2
-9.49529,16.916666,Kiwi ,Groupe 3
-9.49529,16.916666,Kjarl (dofus) ,Groupe 3
8.780001,-12.455132,Kobe Bryant (Basketteur Proffesionel),Groupe 0
-9.49529,16.916666,Koishi Shidou ,Groupe 3
-5.442804,17.70577,Konstantin Oustinovitch Tchernenko ,Groupe 3
20.693293,11.279083,Koro-sensei ,Groupe 2
-7.5080037,19.967928,Krystal Wallas,Groupe 3
-7.5080037,19.967928,Kuragari Uroshima ,Groupe 3
-24.815273,-6.253979,Kurt Cobain,Groupe 0
16.333147,32.42168,Kvothe personnage principal des chroniques du tueur de roi,Groupe 2
-29.403864,-43.595253,Kylian Mbapp√© (joueur de foot),Groupe 4
8.994953,34.525402,Kylo Ren (perso de star wars),Groupe 2
-7.5080037,19.967928,Kyurem ,Groupe 3
27.611761,39.624466,L,Groupe 2
21.466988,6.1774487,L (personnage de Death Note),Groupe 2
32.81316,37.13776,L'arbitre des tournois dans dragonball,Groupe 2
-7.5080037,19.967928,L'homme invisible,Groupe 3
-7.5080037,19.967928,L'homme qui passe,Groupe 3
-7.5080037,19.967928,la copine de neymar ,Groupe 3
-7.5080037,19.967928,La cr√©ature de Frankenstein ,Groupe 3
25.022585,31.17972,La f√©e clochette ,Groupe 2
-14.453592,15.867846,la femme de leonidas ,Groupe 3
-7.5080037,19.967928,La Fenetre De Ma Chambre  ,Groupe 3
-14.453592,15.867846,La fourmi ,Groupe 3
-11.718858,18.420946,La Licorne ,Groupe 3
11.283145,12.916922,La linea (Personnage de vieux dessin anim√©),Groupe 2
27.896358,32.76046,La m√©chante sorci√®re de l'Ouest (personnage du  Magicien d'Oz),Groupe 2
13.193148,16.768612,La Panth√®re rose (perso dessin anim√©),Groupe 2
-12.0343075,15.739134,La reine de Saba ,Groupe 3
22.47304,35.688057,La reine des neiges,Groupe 2
20.247322,5.107571,la schtroumpfette,Groupe 2
-14.453592,15.867846,Lacrim ,Groupe 3
-28.687483,-17.826485,Lady Diana,Groupe 0
1.6322428,-11.008259,Lady Gaga ,Groupe 4
19.54814,4.403749,Ladybug h√©ro√Øne d'une s√©rie de magica girle,Groupe 2
11.674805,-15.55125,Lana del Rey,Groupe 0
20.647413,36.19171,Lara Croft,Groupe 2
-12.804561,24.132116,Lara Fabian ,Groupe 3
10.545069,24.889547,Larmina (film OSS 117),Groupe 2
-12.090076,-1.4364296,Laura Ingalls ,Groupe 3
-25.513704,-46.492653,Laure Manaudou,Groupe 4
-11.030512,-58.505688,laurent Fabius,Groupe 0
-12.89094,10.171547,Laurent Jalabert ,Groupe 3
-7.564994,-57.862858,Laurent Ruquier,Groupe 0
-9.821627,-57.50742,Laurent Wauquiez,Groupe 0
7.0994096,1.2081896,Le Bibendum Michelin ,Groupe 3
-13.7719345,18.332827,Le Commandant Shepard ,Groupe 3
11.1003895,2.936963,Le commissaire Navarro ,Groupe 2
4.3337426,27.589794,Le Docteur ,Groupe 2
30.325092,35.87015,Le docteur (personnage de Doctor Who),Groupe 2
-12.241375,12.864821,Le Fauve ,Groupe 3
-12.241375,12.864821,Le foldingot (oksa pollock) ,Groupe 3
32.3215,34.357025,Le grand schtroumpf,Groupe 2
-12.241375,12.864821,Le Loup ,Groupe 3
12.519846,18.572899,Le Marsupilami ,Groupe 2
-12.241375,12.864821,Le mec ind√©cis,Groupe 3
-12.241375,12.864821,Le N√©ant ,Groupe 3
20.183207,-23.544985,Le Pape,Groupe 0
3.1446304,-0.7098991,Le petit Gr√©gory ,Groupe 3
-10.433661,19.533318,Le Proph√®te Mohammed ,Groupe 3
-12.241375,12.864821,Le quatri√®me Hokage ,Groupe 3
-0.6123164,30.42724,Le roi Arthur,Groupe 2
21.57405,20.528488,Le soleil des T√©l√©tubbies,Groupe 2
-6.4713326,12.822717,Le telephone dans toy story 3 ,Groupe 3
15.938191,5.0063095,LeBlanc (personnage du jeu League of Legends),Groupe 2
-10.860765,-16.484787,LeBron James ,Groupe 4
7.302286,-16.238796,Lee "Faker" Sang-hyeok,Groupe 0
30.672718,22.262014,Lee Sin (League Of Legends),Groupe 2
8.973759,35.598415,Lelouch (Code Geass),Groupe 2
-24.41118,-19.701094,Lemmy Kilmister,Groupe 4
-1.543231,-57.609547,L√©o Grasset (YouTuber Dirty Biology),Groupe 0
-5.878154,-29.52155,L√©on Blum (homme politique fran√ßais),Groupe 0
-33.30323,-14.172109,L√©onard de Vinci,Groupe 4
-29.579866,-14.199635,L√©onard Euler,Groupe 0
-6.545417,-11.585858,L√©onardo Di Caprio,Groupe 0
-29.14746,0.38273734,Leopold II de Belgique,Groupe 0
4.121849,-55.26872,les Fr√©rots (groupe de musique),Groupe 0
-7.1631813,15.904921,les jumelle olson ,Groupe 3
3.103973,-16.446804,Lewis Hamilton,Groupe 0
11.306173,4.483778,Libellule ,Groupe 3
21.577452,15.525691,Licorne,Groupe 2
25.944984,32.31922,Liesel Meminger ,Groupe 2
19.365273,26.8936,Lightning,Groupe 2
15.550276,-10.903319,Lil Pump (rappeur am√©ricain),Groupe 0
18.481462,42.05978,Link (The legend of Zelda),Groupe 1
3.9148731,-43.046013,Lino,Groupe 0
-9.346857,-31.12394,Lino Ventura (acteur fran√ßais),Groupe 0
13.103805,-17.626598,Linus Torvalds,Groupe 0
6.559487,-19.437946,Lionel Messi ,Groupe 4
-2.2514293,7.720327,Logan Evans ,Groupe 3
-3.453462,6.9421964,Logan Walker ,Groupe 3
15.381609,-11.195639,Logic (rappeur),Groupe 0
-6.074717,-63.534176,Lo√Øc Herv√© (professeur √† l'INSA),Groupe 0
-16.19275,-44.77918,Loic Peyron (navigateur),Groupe 0
4.226407,-46.626476,Lomepal (Antoine Valentinelli rappeur),Groupe 0
29.944136,9.637481,Lord Voldemort ,Groupe 2
5.785223,-46.629932,Lorenzo,Groupe 0
2.6589236,19.494593,Loto ,Groupe 3
20.856405,30.790495,Lotus (Warframe),Groupe 2
-3.685005,-6.5542536,Lou Ferrigno (acteur du Hulk),Groupe 0
-22.687592,-10.435443,Louis Armstrong (jazzman am√©ricain),Groupe 0
-15.663566,-31.276255,Louis de Fun√®s,Groupe 4
-14.354907,-25.874546,Louis IX (saint-Louis),Groupe 4
-10.339138,-32.95577,Louis Nicollin (pr√©sident du club foot Montpellier),Groupe 0
-13.857649,-30.295527,Louis Pasteur,Groupe 4
-17.13731,-28.03211,Louis XIV,Groupe 1
-15.789213,-27.508202,Louis XVI,Groupe 4
-24.64003,-39.716892,Luc Abalo (joueur de hand fran√ßais),Groupe 0
-6.2450733,-57.049847,Luc Besson,Groupe 0
-0.4641341,12.503715,Lucas Hauchard (Squeezie),Groupe 3
-24.652054,-39.69685,Lucie Decosse (Judokate),Groupe 0
6.7925005,34.546677,Lucifer ,Groupe 2
10.589536,35.323307,Lucky Luke (personnage de BD),Groupe 2
-31.457754,-16.947548,Ludwig Van Bethoven,Groupe 0
10.608518,44.633656,Luffy (Personnage de One Piece),Groupe 2
32.273468,25.492508,Luigi (Mario),Groupe 2
15.646865,42.00768,Luke Skywalker,Groupe 2
14.847964,33.068375,Luna Lovegood,Groupe 2
-0.17164117,11.2741995,Lust ,Groupe 3
19.60707,28.443262,Lydia (personnage de Skyrim),Groupe 2
-13.020928,-51.845158,M'hamed Drissy (Directeur de l'INSA de Rennes),Groupe 4
-3.086346,-65.86755,M. Le Russet (agent de s√©curit√©),Groupe 0
-3.2802079,-41.74632,Ma Grande  Soeur ,Groupe 0
-8.056515,-41.796734,Ma maman,Groupe 4
1.798467,-0.61335933,Mace Windu,Groupe 2
0.14765152,9.468025,Madame de Montespan ,Groupe 3
3.138322,8.344742,Mademoiselle Jeanne ,Groupe 3
-0.7267224,10.269614,Madison Alamia ,Groupe 3
2.3666036,-7.6982703,madonna,Groupe 4
2.739506,-59.72546,Mael Hamon (√©tudiant INSA),Groupe 0
33.12555,39.089745,Maggie Simpson,Groupe 2
8.752001,18.543215,Magicarpe ,Groupe 2
0.3897828,2.1147702,Magna Charge ,Groupe 3
21.436195,-16.325468,Malala Yousafzai (militante pakistanaise des droits des femmes),Groupe 0
31.213915,40.746044,Malcolm(personnage de Malcom),Groupe 2
10.419717,39.18245,Malicia (X-men),Groupe 2
6.225429,-11.655316,Manuel Neuer (gardien de foot allemand),Groupe 0
-3.1350923,-46.55396,Manuel Valls,Groupe 0
-31.751493,-4.4175515,Mao Zedong,Groupe 4
1.8769531,7.4931808,Maradona ,Groupe 3
-22.158453,-29.406443,Marc Briane (professeur INSA),Groupe 1
-7.6925545,-60.138252,Marc L√©vy (√©crivain),Groupe 0
10.37713,-8.586373,Marc Zuckenberg (cr√©ateur de facebook),Groupe 0
-10.376408,-34.12758,Marcel Cerdan (boxeur),Groupe 0
-1.7901373,-27.342636,Marcel Proust (ecrivain),Groupe 0
-0.9684252,7.919189,Marco Bodt ,Groupe 3
-1.2774019,9.032726,Marco Di Vaio ,Groupe 3
19.235725,-20.788893,Marco Hietala (bassiste Nightwish),Groupe 0
-6.0678,-30.74054,Mar√©chal P√©tain ,Groupe 0
-17.267307,4.9207916,Margaery Tyrell ,Groupe 3
1.8052033,5.859133,Margaret Hale ,Groupe 3
16.978628,-22.06045,Margaret tatcher,Groupe 0
33.226707,37.7422,Marge Simpson,Groupe 2
7.5467215,-14.936472,Maria Sharapova,Groupe 0
4.816069,-3.2492242,Marie Antoinette (reine de France),Groupe 0
-35.412357,-14.4027405,Marie Curie (scientifique franco-polonaise),Groupe 4
9.535944,24.76055,Marie Poppins,Groupe 2
6.5323815,-3.0363915,Marie-France Pisier ,Groupe 3
-7.1325192,6.253374,Marie-Mai ,Groupe 3
-5.5071425,-41.526367,Marina Kaye (chanteuse),Groupe 0
-7.3830943,3.7802997,Marine Delterme ,Groupe 3
-8.916599,-44.689426,Marine Le Pen,Groupe 4
4.8886576,-10.496954,Mario Balotelli (footballeur italien),Groupe 0
20.988264,46.562927,Mario Bros (perso jeux vid√©o),Groupe 1
-7.7190456,-8.514825,Mark Hamill (Acteur de Luke Skywalker),Groupe 0
7.0222425,6.927505,Marla Sokoloff ,Groupe 3
2.7869313,-62.34868,martfrein,Groupe 0
-21.636435,-40.026592,Martin Fourcade,Groupe 4
-23.322535,-13.496347,Martin Luther King,Groupe 4
-1.8390607,2.6518903,Martin Mystere ,Groupe 3
30.952578,38.36165,marty mc fly ,Groupe 2
22.293783,19.698227,Marvin (H2G2),Groupe 2
29.03956,9.116063,Marvin le Martien (looney toons),Groupe 2
-21.851297,-11.234739,marylin monroe,Groupe 0
2.5218723,-60.39866,Mathis Roisin (√©tudiant INSA),Groupe 0
0.26229805,-46.85137,Matthieu Chedid (musicien fran√ßais dit M),Groupe 0
29.268635,40.16153,Max Black (personnage de la s√©rie: 2 broke Girls),Groupe 2
13.158492,15.478319,Maya l'abeille,Groupe 2
4.4393897,-46.497963,McFly,Groupe 0
-3.9319587,23.931087,M√©duse,Groupe 2
-8.3714485,5.063622,Megpoid Gumi ,Groupe 3
32.362717,43.49318,meredith grey (personnage grey's anatomy),Groupe 2
30.368673,30.141293,merlin,Groupe 2
-8.918124,3.148348,Mesut √ñzil ,Groupe 3
4.3218822,-13.535549,Mia Khalifa,Groupe 0
-8.425207,6.5818005,Miasmax ,Groupe 3
-22.640676,-20.293169,Michael Jackson ,Groupe 1
1.5033392,-20.421106,Michael Jordan	 ,Groupe 4
7.7019835,-16.994177,Michael schumacher,Groupe 0
-33.03886,-7.3581214,Michael Wittman,Groupe 0
-16.067253,-21.771479,Michel Berger (musicien fran√ßais),Groupe 0
-10.734879,-48.12907,Michel Blanc (acteur fran√ßais),Groupe 0
-18.455067,-47.192238,Michel Platini (footballeur fran√ßais),Groupe 4
-2.9586766,-48.400974,Michel Sardou (chanteur),Groupe 0
6.3580894,-16.764547,Mick Fanning (surfeur Australien),Groupe 0
-19.19126,-41.33298,Micka√´l Landreau,Groupe 0
-10.680545,14.868118,Micka√´l Rossignol ,Groupe 3
28.018185,44.73009,Mickey Mouse ,Groupe 2
0.18025932,-18.401892,Mike Oldfield,Groupe 0
-9.591879,7.344523,Mike Rutherford ,Groupe 3
15.032151,15.581393,Milou,Groupe 2
18.179314,14.452661,Milou (chien de tintin),Groupe 2
-29.856153,-8.085686,Miltiade,Groupe 0
-11.469752,-46.202934,mimi mathy,Groupe 4
13.691436,36.198433,Minerva McGonagall (perso de Harry Potter),Groupe 2
23.24382,31.26878,Minnie ,Groupe 2
-9.784798,5.7996793,Misao Makimachi ,Groupe 3
-4.935549,-42.093636,Miss France,Groupe 0
-14.518186,10.258584,Mistral ,Groupe 3
16.717281,-18.42657,Miyazaki,Groupe 0
2.5847924,-17.581657,Mo Farah (coureur de fond anglais),Groupe 0
-20.471334,13.004254,Moby Dick ,Groupe 3
-11.043212,6.788276,Modrdeca√Ø (jeu vid√©o Borderland),Groupe 3
12.801475,-22.735296,Mohamed V ,Groupe 0
13.534886,-22.993837,Mohammed 6,Groupe 0
-11.0862,-51.841637,Moi,Groupe 1
-24.302515,-39.645428,Moi-m√™me,Groupe 0
-31.224592,-13.439177,Mo√Øse (proph√®te juif),Groupe 0
-6.7207937,-23.29172,Moli√®re,Groupe 0
3.7872458,-59.786705,Mon ami,Groupe 0
-24.46058,-36.868114,mon binome,Groupe 0
3.6845465,-52.60646,Mon chat,Groupe 0
4.678954,9.522119,Mon Fr√®re ,Groupe 2
4.5914683,-57.602066,Mon Mari,Groupe 0
-8.581622,-62.408043,Mon p√®re,Groupe 4
-10.779949,8.266341,Mon R√©veil ,Groupe 3
-3.5266113,-11.988674,Monica Bellucci,Groupe 0
-11.480971,9.781598,Monique Coleman ,Groupe 3
12.617648,1.0682658,Monk,Groupe 0
10.570554,45.15303,Monkey D. Luffy (manga one piece),Groupe 2
16.517466,10.333401,Monokuma (ours m√©canique manga japonais Danganronpa),Groupe 2
21.294117,19.929,Monsieur Non,Groupe 2
13.207372,-0.96318996,Monsieur Oui,Groupe 4
-23.845127,-4.223525,Montgomery,Groupe 0
-5.2159967,-9.911512,Morgan Freeman (acteur am√©ricain),Groupe 0
3.6435678,37.553223,Moriarty (ennemi de sherlock Holmes),Groupe 2
-12.190189,8.426905,Morty ,Groupe 3
16.106703,-23.935118,moudi,Groupe 0
-13.405096,4.9530954,Mouk ,Groupe 3
30.01345,42.204796,Mr Bean,Groupe 2
29.711153,36.90456,Mr Burns,Groupe 2
-10.246439,4.191946,Mr Kinder Surprise ,Groupe 3
-24.206055,-36.386005,Mr. Cogan,Groupe 0
-30.575054,-5.067138,Mr.Kalashnikov,Groupe 0
24.550884,3.075861,Mr.Propre (personnage de publicit√©),Groupe 2
1.4279339,41.462395,M√ª (manga: Saint Seiya) ,Groupe 2
-11.638554,5.1871405,Myron Bolitar ,Groupe 3
18.734652,34.749043,Myst√©rion ,Groupe 2
0.0031457217,-49.0075,Naaman (chanteur),Groupe 0
-6.6790905,-47.963497,Nabilla,Groupe 1
4.853559,-13.134869,Nairo Alexander Quintana Rojas (cycliste colombien),Groupe 0
13.852039,32.217342,Nanatsu (Made in abyss),Groupe 2
-18.415733,-28.605398,Napoleon Bonaparte ,Groupe 1
-9.003659,-31.046034,Napol√©on III ,Groupe 0
17.194523,46.773712,Naruto ,Groupe 2
36.347492,23.52962,Nathan drake (Personnage principal de la s√©rie de jeu "Uncharted"),Groupe 2
1.4331827,40.55491,Natsu (Fairy Tail),Groupe 2
0.5964009,38.37478,Ned Stark ,Groupe 2
-22.826,-12.176349,Neil Armstrong (astronaute am√©ricain),Groupe 0
1.7001085,-49.34292,Nekfeu,Groupe 0
-34.06017,-11.542576,Nelson Mandela,Groupe 4
-16.622356,-43.574886,Nelson Monfort,Groupe 0
5.034729,4.364016,Nemesis( d√©esse grecque de la vengeance),Groupe 2
11.714823,37.228317,N√©o (The Matrix),Groupe 2
-29.788195,1.0368956,N√©ron,Groupe 0
9.721627,39.330437,Neville Londubat,Groupe 2
6.457691,-18.787977,Neymar da Silva Santos J√∫nior (joueur de foot),Groupe 4
-14.617592,6.590854,Nibi / Matatabi ,Groupe 3
-12.714781,6.840272,Nico Robin ,Groupe 3
-4.5201573,-51.261887,Nicolas Canteloup,Groupe 0
-31.465368,-13.990903,Nicolas Copernic,Groupe 0
0.7277941,-61.53265,Nicolas Cormerais,Groupe 0
-10.373773,-56.14461,Nicolas Hulot,Groupe 0
-14.462236,-53.737415,Nicolas Sarkozy,Groupe 4
18.38738,-22.167309,Niels Bohr,Groupe 0
-28.752508,-12.2754755,Nietzsche,Groupe 0
-29.471205,-9.714892,Nietzsche (philosophe allemand),Groupe 0
-13.790677,8.48971,Niki Lauda ,Groupe 3
-22.157148,-17.213274,Nikola Tesla,Groupe 4
-26.283243,-45.023098,Nikolas Karabatic,Groupe 4
-6.647713,-55.36404,Nikos ,Groupe 0
-15.271858,12.181301,nils bjurman ,Groupe 3
-14.562601,2.5205476,Nishikino Maki ,Groupe 3
15.672016,-18.25396,Nobuo Uematsu,Groupe 0
17.180752,33.358505,No√´l ,Groupe 2
14.813082,27.230162,No√´l Flantier (film OSS117),Groupe 2
6.1625485,-56.227722,No√´l Mam√®re,Groupe 0
22.505888,21.164564,Non,Groupe 2
14.126688,13.2610035,Nono (Robot dans Ulysse 31),Groupe 2
15.556172,36.54235,Norbert Dragonneau (Les Animaux Fantastiques),Groupe 2
0.052856337,-56.42379,Norman,Groupe 0
-16.611008,10.713907,Noru-Da ,Groupe 3
5.036987,-13.987686,Novak Djokovic,Groupe 0
4.62968,19.882147,Nuage ,Groupe 3
-0.9226092,16.599035,Nungan ,Groupe 3
13.203405,26.922174,Nymphadora Tonks (HP),Groupe 2
20.067688,42.892838,Obelix,Groupe 2
18.12531,43.28763,Obi-wan Kenobi,Groupe 1
-0.048353285,15.01952,Obscur Hamster ,Groupe 3
-26.43314,0.99962234,Oda Nobunaga (perso historique japonais),Groupe 0
9.379472,37.485943,Odin (dieu scandinave),Groupe 2
-23.732824,16.653631,Oeil de faucon ,Groupe 3
13.839413,17.14522,Oggy (dessin anim√©),Groupe 2
0.94698685,12.080649,okoto ,Groupe 3
10.692408,39.71847,Oksa Pollock (h√©roine de livres fantastiques),Groupe 2
20.25003,12.549575,Olaf (la reine des neiges),Groupe 2
1.7764597,34.49727,Oliver Queen,Groupe 2
1.96811,13.168871,olivia oggy et les cafards ,Groupe 3
-17.803785,0.34613487,Olivier Atton/Oozora Tsubasa (Olive et Tom/Captain Tsubasa)  ,Groupe 3
-1.8001883,-54.90394,Olivier de Carglass,Groupe 0
-27.882507,-44.56554,Olivier Giroud,Groupe 0
-2.591898,-54.22088,omar sy,Groupe 0
-0.8057762,13.857489,one direction Niall ,Groupe 3
2.8257468,-45.3056,Orelsan,Groupe 0
11.250971,6.1696925,OSIRIS,Groupe 2
27.755219,41.536045,Oui-oui,Groupe 2
-26.916487,-44.212475,ousmane dembele,Groupe 0
-33.831642,-5.8704605,Oussama Ben Laden ,Groupe 0
-32.092976,-6.106369,Pablo Escobar (trafiquant colombien de cocaine) ,Groupe 0
-33.897015,-14.909816,Pablo Picasso (peintre),Groupe 0
5.181309,17.783426,Pain Rikudo ,Groupe 3
0.48202825,16.380249,PaKo ,Groupe 3
-7.1400414,-8.204952,Pamela Anderson (Actrice),Groupe 0
-4.0065947,-60.878063,Papa  ,Groupe 0
21.82848,-23.371918,Pape Fran√ßois (Pape),Groupe 0
-20.52107,8.46261,Paper Mario ,Groupe 3
-6.80121,-63.562183,Pascal Garcia (enseignant INSA),Groupe 4
4.8510437,2.623883,Passe-partout,Groupe 0
2.0515113,21.518383,Patoune (Patricia Calas) ,Groupe 3
-5.5718594,-57.732056,Patrice Daniello,Groupe 0
16.135746,-21.52798,Patrice Talon,Groupe 0
-10.177932,-57.24785,Patrick Balkany (politique fran√ßais),Groupe 0
-8.110937,-59.053104,Patrick Cohen (journaliste fran√ßais),Groupe 0
0.21883893,-46.81052,Patrick Fiori,Groupe 0
32.966965,42.346466,Patrick Jane (personnage de Mentalist),Groupe 2
9.966801,15.22061,Patrick l'√©toile de mer (personnage de la s√©rie Bob l'√©ponge),Groupe 2
-1.6785699,-46.323368,Patrick Sebastien,Groupe 0
-8.616387,26.14392,patronus de harry potter ,Groupe 3
-6.509102,-8.619766,Paul McCartney (chanteur),Groupe 0
-26.559021,-42.7622,Paul Pogba (footballeur),Groupe 0
2.4781651,-60.274845,Paul Queva (√©tudiant INSA),Groupe 0
-0.09663517,-13.945229,Paul Taylor,Groupe 0
-1.3757641,15.1485195,Pauline Marois ,Groupe 3
23.32851,28.346514,Peach,Groupe 2
-2.3795185,-60.716255,Pedesseau (Prof),Groupe 0
5.96246,15.912258,P√©gase ,Groupe 3
0.8478107,19.502045,Peggy Camp Rock ,Groupe 3
10.000981,3.841632,Peggy Cellier,Groupe 0
21.132711,-22.229584,Pel√© le joueur de foot,Groupe 0
-8.484926,-18.777374,P√©pin le Bref (p√®re de Charlemagne),Groupe 0
35.947456,24.905645,Percy Jackson (h√©ros d'un roman),Groupe 2
30.241983,31.235611,P√®re Noel ,Groupe 2
23.348051,21.09596,Personne ,Groupe 2
13.481341,33.982327,Peter Pan ,Groupe 2
-7.521817,27.696728,Petite cousine ,Groupe 3
-6.332477,-40.94213,Petite Soeur,Groupe 0
21.228287,-18.767141,Pewdiepie,Groupe 0
-0.49969497,-46.239933,Philippe Katerine,Groupe 0
-7.170202,-56.563957,philippe starck,Groupe 0
-9.441271,-57.60992,Phillipe Poutou,Groupe 0
16.516668,17.002542,Picsou,Groupe 2
0.030476365,-58.056797,Pierre Croce (youtuber),Groupe 0
-11.321513,-31.745485,Pierre Curie (Physicien fran√ßais),Groupe 0
-8.174305,-24.310123,Pierre de Fermat,Groupe 0
22.319092,41.107033,Pikachu (personnage de manga),Groupe 1
25.741796,29.480352,Pinocchio (pantin en bois vivant),Groupe 2
1.2218812,17.763958,Piscine Molitor Patel ,Groupe 3
-28.278208,-13.437012,Planck,Groupe 0
-32.45347,-12.967755,Platon (philosophe antique grec),Groupe 0
2.9425385,14.574334,Plume de Jais ,Groupe 3
17.748432,15.834443,Plutot,Groupe 2
-12.70859,-23.29293,Polnareff,Groupe 0
-21.65038,7.0438714,popeye,Groupe 2
13.873199,36.997154,Pos√©√Ødon ,Groupe 2
-6.13471,-58.317253,PPDA,Groupe 0
-25.942453,-7.5702124,Prince,Groupe 0
3.1059418,17.727175,Prince T√©dibert ,Groupe 3
26.190786,31.367987,Princesse Fiona (dessin anim√© Shrek),Groupe 2
14.033794,40.54635,Princesse Leia ,Groupe 2
11.695846,33.465504,Princesse mononoke,Groupe 2
25.209637,33.623108,Princesse Raiponce ,Groupe 2
-0.4511524,18.25182,Princesse Shirahoshi ,Groupe 3
-5.3446293,-59.706226,prof d info,Groupe 0
32.35833,29.36997,Professeur Layton (jeu vid√©o d'√©nigmes),Groupe 2
-34.769505,-12.904225,Pythagore,Groupe 4
8.285442,2.8852162,queen,Groupe 0
-1.9308295,17.72376,Quelqu'un qui passe toute les questions,Groupe 3
17.587337,-18.815214,Quentin Tarantino,Groupe 0
16.198109,12.726949,R2-D2 ,Groupe 2
-3.7277603,0.015849344,R4-p17 ,Groupe 3
0.5101415,13.524026,Rachel Zane ,Groupe 3
5.0422635,-21.18166,Rafael Nadal,Groupe 4
4.4385834,43.216904,Ragnar Lothbrok (s√©rie TV: Viking),Groupe 2
-29.66724,-8.147307,Ramanujan,Groupe 0
1.3760101,14.760538,Rams√®s 1er ,Groupe 3
14.111179,15.593842,Rantanplan ,Groupe 2
8.159547,31.479813,Raoh (manga ken le survivant),Groupe 2
-28.278639,-43.168625,Rapha√´l Varane,Groupe 0
5.6936545,4.215937,raptou ,Groupe 3
-31.345726,-8.342639,Raspoutine,Groupe 4
-22.236753,6.8741007,Rastapopoulos,Groupe 2
-17.803783,0.3461352,ratatouille ,Groupe 3
-2.273656,16.179918,Raven Queen ,Groupe 3
19.248941,40.301243,Rayman,Groupe 2
35.63415,44.19422,raymond reddington(s√©rie BLacklist),Groupe 2
-14.56264,2.5204818,Reimu Hakurei,Groupe 3
13.561785,-25.75137,Reine Elizabeth,Groupe 4
19.231285,30.279617,Reisen (Touhou),Groupe 2
-18.403898,-42.69689,R√©mi Gaillard,Groupe 0
-1.853512,-44.959167,Renaud,Groupe 0
-24.955658,-40.284477,Renaud Lavillenie (perchiste),Groupe 0
-6.909538,-30.634914,Ren√© Coty,Groupe 0
-6.661598,-31.81767,Ren√© Coty (Pr√©sident un grand homme il marquera l'histoire),Groupe 0
-12.614613,-29.134222,Ren√© Descartes,Groupe 4
7.0251985,-1.2776662,repondre oui puis non ,Groupe 0
-14.64413,-15.210998,Richard Dean Anderson,Groupe 0
-25.123442,-41.888855,Richard Gasquet,Groupe 0
-8.197234,-56.15999,Richard Stallman,Groupe 0
-17.78525,-43.72668,Richard Virenque,Groupe 0
-0.79248625,-26.677414,Richelieu,Groupe 0
31.378536,22.869312,Richter Belmont (Castlevania),Groupe 2
19.889696,-22.136639,Rick Astley,Groupe 0
0.4291598,33.88025,Rick Grimms (walking dead),Groupe 2
12.825052,-11.066026,Rick Riordan (√©crivain am√©ricain),Groupe 0
21.099892,19.767729,Rien,Groupe 2
13.910981,-14.882112,Rihanna (chanteuse barbadienne),Groupe 4
15.907888,8.86932,riki,Groupe 2
20.97554,30.455242,Rin Kaenbyou,Groupe 2
11.306046,4.4834075,Riri Fifi et Loulou ,Groupe 3
19.620693,28.509518,Riven (jpersonnage de jeu vid√©o),Groupe 2
17.826937,-20.21169,Rob Hopkins (enseignant ern permaculture brittanique),Groupe 0
-4.01379,20.201931,Robert Faurisson,Groupe 3
-17.34115,-41.98007,Robert Menes,Groupe 0
-30.59435,-5.299765,Robert Oppenheimer,Groupe 0
14.88889,26.56581,Robin des bois,Groupe 2
-3.6605473,-39.85697,Robinet,Groupe 0
-1.0429827,-5.4263463,Rocco Siffredi,Groupe 0
-12.804511,24.132195,Rock Lee ,Groupe 3
9.328759,40.416283,Rocky Balboa,Groupe 2
4.8959684,-21.408281,Roger Federer,Groupe 4
13.852939,-23.072266,roi du Maroc,Groupe 0
2.1095243,16.209936,Rokubi ,Groupe 3
-26.25638,-41.788677,Romain Grosjean,Groupe 0
1.6215006,-61.04075,Romain Hu (√©tudiant INSA),Groupe 0
-26.031033,-39.616108,Romain Laigo (√©tudiant INSA),Groupe 0
1.8018923,-19.057196,Roman Abramovitch,Groupe 0
20.126917,-19.755878,Rom√©o Elvis (rappeur),Groupe 0
16.422571,38.54479,Ron Waesley,Groupe 2
22.519192,-21.783829,Ronaldo,Groupe 0
5.365528,40.622425,Roronoa Zoro (manga one piece),Groupe 2
-10.17428,-45.307125,Roselyne Bachelot,Groupe 0
-8.403436,-7.5357437,Ryan Gosling,Groupe 0
-2.4627063,21.311398,Ryan Sheckler ,Groupe 3
27.851376,21.859472,Ryu,Groupe 2
-0.5342134,20.538527,Sabor ,Groupe 3
21.131128,-22.357359,Sabrina (chanteuse de Boys boys boys),Groupe 0
10.555122,18.697346,Sacamin,Groupe 2
11.343341,44.76005,Sacha (pok√©mon),Groupe 2
22.138674,37.568745,Saitama (Manga : One Punch Man),Groupe 2
18.62407,31.304552,Sakura (manga Naruto),Groupe 2
-17.803783,0.3461352,Sakurai Tomoki ,Groupe 3
-20.471151,13.004324,Salam√®che (Pok√©mon),Groupe 3
-31.457964,-13.230813,Salvador Dal√≠ (peintre espagnol),Groupe 0
-26.253908,-42.920338,Samir Ait Said,Groupe 0
-26.86116,-43.283443,Samir Nasri,Groupe 0
18.218908,7.9636083,Saphira (Eragon),Groupe 2
-5.9624286,-23.058844,SARDA GARRIGA,Groupe 0
7.977194,-53.307384,Sardoche (Streamer),Groupe 0
0.245408,-12.141218,Sasha Grey,Groupe 0
-3.3148432,17.028538,Sasuke Susano ,Groupe 3
-0.41687858,22.56883,Saule ,Groupe 3
-16.393564,28.794657,Savage Opress  ,Groupe 3
3.9140651,16.079128,Sawako Kuronuma ,Groupe 3
-3.3527892,18.590965,Sayaka Maizono ,Groupe 3
-8.75474,25.913849,Sazuke Ushiwa,Groupe 3
24.95416,3.8555198,Schtroumpf,Groupe 2
13.638066,19.262062,scooby-doo,Groupe 2
-1.9548397,19.433172,Scott le con ,Groupe 3
-21.392248,-42.407505,Sebastien Chabal,Groupe 0
-23.035576,-39.3431,S√©bastien Loeb (pilote de rallye fran√ßais),Groupe 0
-11.036963,-45.75227,S√©gol√®ne Royal,Groupe 4
0.6162334,41.94266,Seiya (manga: chevalier du zodiaque),Groupe 2
21.302092,-16.76752,Senamo (la smala),Groupe 0
6.8915215,7.257882,Sentenza la brute (film: le bon la brute et le truand),Groupe 2
31.635492,42.42785,Serena Van Der Woodsen (s√©rie TV:  Gossip Girl),Groupe 2
8.292618,-12.374777,Serena Williams (tenniswoman am√©ricaine),Groupe 0
-15.686284,8.478713,Serge Manesenkow ,Groupe 3
12.297939,-11.640845,Serj Tankian (chanteur),Groupe 0
-5.684877,6.1830525,Shae Vizla ,Groupe 3
-1.0576259,-5.4573326,Shahrukh Khan (Acteur Bollywoodien),Groupe 0
22.465078,-20.195951,Shakira ,Groupe 0
20.217949,-18.506102,Shawn Mendes,Groupe 0
33.493122,42.50377,Sheldon,Groupe 2
29.091536,37.832417,sheldon Cooper (The Big Band Theory),Groupe 2
-5.8444037,-45.140343,Shella (chanteuse),Groupe 0
28.134325,24.28019,Shen (personnage du jeu League of Legend),Groupe 2
32.062275,23.161842,Shepard,Groupe 2
25.526508,42.091644,Sherlock Holmes,Groupe 2
11.499525,-15.512477,Sheryl Sandberg,Groupe 0
13.075049,35.225548,Shifu (manga: kung fu panda),Groupe 2
0.6169567,43.291077,Shikamaru Nara (naruto),Groupe 2
23.298946,27.697298,Shin Kuroi (perso de jeu vid√©o),Groupe 2
-6.8200855,28.514565,Shinji (personnage de Evangelion),Groupe 2
10.908342,33.054558,Shiro (de deadman wonderland),Groupe 2
24.652884,25.068207,Shrek,Groupe 2
30.462921,22.759588,Shulk,Groupe 2
-4.54267,-41.967655,Shy'm (chanteuse francaise),Groupe 0
21.760029,17.514948,Simba,Groupe 2
3.8881812,-15.45954,Simone Arianne Biles (gymnaste am√©ricaine),Groupe 0
-4.83301,-23.678646,Simone de Beauvoir (Auteure),Groupe 0
-12.852158,-34.002934,Simone Veil (militante pour l'avortement),Groupe 4
-4.930475,4.8375807,Sindibad ,Groupe 3
7.1464067,-53.728027,Siphano (Youtubeur),Groupe 0
-1.3774765,5.155482,Skelerex ,Groupe 3
11.961916,-12.357591,Slash (guitariste),Groupe 0
30.577322,23.711594,Snake (Metal Gear Solid),Groupe 2
20.34544,15.621461,Snoopy,Groupe 2
-33.518795,-10.957656,Socrate,Groupe 0
20.270285,45.57031,Son Goku (manga: dragon ball),Groupe 1
-3.8298528,3.7630856,Sonia Gothik ,Groupe 3
21.649782,40.921513,Sonic ,Groupe 1
-6.68802,2.0540311,Sophie ,Groupe 3
0.46372342,6.733126,Soufiane Msalek ,Groupe 3
-5.377431,0.74265677,Spider-Cochon ,Groupe 3
30.86123,26.029148,Spider-man ,Groupe 2
-6.366185,-23.620377,Spinoza (philosophe),Groupe 0
17.610598,33.163506,Spirou,Groupe 2
4.878061,41.33836,Spoke,Groupe 2
26.426208,27.647408,sponge bob,Groupe 2
21.620602,36.776264,Squall Leonhart (jeu vid√©o Final fantaisie),Groupe 2
0.9751179,-53.453823,Squeezie,Groupe 0
22.905874,-0.41660395,Squirtle (carapuce dans manga pokemon),Groupe 2
-5.65684,-10.788321,Stan Lee,Groupe 0
3.4622865,39.744766,Stannis Baratheon,Groupe 2
-29.27188,-12.200567,Stefan Zweig (√©crivain autrichien),Groupe 0
-6.305607,-43.885727,St√©phanie De Monaco,Groupe 0
-25.024668,-16.441084,Stephen Awking,Groupe 0
4.537777,-16.011173,stephen curry,Groupe 4
-21.8016,-13.662939,Steve Jobs,Groupe 4
31.023178,30.570276,Steve Stiffler (american pie films),Groupe 2
13.424162,-10.539661,Stevie Wonder,Groupe 0
-2.1098273,-49.020504,Sting (musicien britannique),Groupe 0
19.036509,17.993269,Stitch (personnage Disney),Groupe 2
20.109346,-19.692636,Stromae,Groupe 0
3.1035533,41.951103,Supergirl ,Groupe 2
23.015936,44.478645,Superman ,Groupe 2
28.867546,9.212929,Supreme Leader Snoke (Personnage de star wars),Groupe 2
-11.826296,-59.52212,Sylvain Duriff,Groupe 0
-1.3630362,-7.5358014,Sylvester Stallone,Groupe 0
8.61629,-55.182674,Sylvia Kersusan (professeur italien francais anglais),Groupe 0
-3.2459803,5.285726,Ta compagne ,Groupe 3
-18.176289,16.96312,Ta cousine ,Groupe 3
-4.2664914,2.2626953,Ta demi-soeur ,Groupe 3
-10.579063,-42.55442,Ta m√®re !,Groupe 4
-0.5051782,3.6540635,Ta soeur siamoise ,Groupe 3
-2.3550684,4.0656476,Talbot  ,Groupe 3
1.1664903,10.542596,Tamim ,Groupe 3
-1.7200502,-55.572803,Tangi Tassin,Groupe 0
-2.654396,1.3329325,Tante Phl?bite ,Groupe 3
14.925279,33.915783,Tara Duncan (Livre √©ponyme),Groupe 2
18.67545,-21.429678,Tarik Ramadam (islamologue),Groupe 0
12.45024,51.498592,Tarzan ,Groupe 2
-5.6119432,3.435559,Taylor Lautner ,Groupe 3
13.881806,-11.87364,Taylor Swift (chanteuse american),Groupe 0
29.134754,39.08872,Tchoupi (personnage de tchoupi),Groupe 2
12.532203,3.4664288,teal'c,Groupe 2
-23.21288,-44.328255,Teddy Riner (champion du monde de judo),Groupe 4
25.239288,19.043783,Teemo,Groupe 2
7.429177,36.90617,Terminator,Groupe 2
-24.5478,-5.1290207,Terry Pratchett,Groupe 0
-0.785798,0.54247737,Teru Mikami ,Groupe 3
5.2556047,12.694157,Thatcher Joe ,Groupe 3
18.863888,35.113136,The Flash,Groupe 2
29.245316,8.239717,The Punisher,Groupe 2
-3.6265352,-39.936638,TheMissAddict,Groupe 0
2.114307,-15.657094,Th√©o Walcott,Groupe 0
3.4315925,39.531643,theon greyjoy,Groupe 2
-3.851253,-63.51373,Thierry Merle,Groupe 0
-23.627426,-41.6573,Thierry Omeyer (handballeur fran√ßais),Groupe 0
0.23298506,5.20761,Thomas Colton Padalecki ,Groupe 3
-21.665033,-12.743774,Thomas Edison (inventeur am√©ricain),Groupe 0
-0.20620231,-54.900436,Thomas Pesquet (spationaute),Groupe 0
0.5504396,-64.80146,Thomas Porcher (√©conomiste),Groupe 0
-20.853458,-44.018738,thomas voeckler,Groupe 0
20.313726,37.75519,Thor ,Groupe 2
-11.523528,-15.984182,Tiger Woods,Groupe 0
13.942013,-9.734935,Tim Berners-Lee,Groupe 0
20.983479,46.197506,Tintin (personnage de BD),Groupe 1
11.359418,12.989349,Titi,Groupe 2
6.8080707,-54.291367,Titouan (√©tudiant charo),Groupe 0
19.697985,12.937193,Toby (personnage de Harry potter),Groupe 2
-17.280527,4.935828,Todd le Wraith ,Groupe 3
4.040136,-53.5663,Toi(joueur),Groupe 0
21.44069,33.071453,Toki (fr√®re de Ken le survivant),Groupe 2
10.834647,-8.600383,Tom Brady (joueur de foot am√©ricain),Groupe 0
-7.7561255,-9.035354,Tom Cruise (acteur am√©ricain),Groupe 0
-7.867661,-8.535781,Tom Hanks (acteur am√©ricain),Groupe 0
33.621243,45.131496,Tom Shelby (Peaky Blinders),Groupe 2
13.80393,-13.799433,Tommy Tallarico,Groupe 0
-5.0726123,-8.625175,Tommy Wiseau (acteur),Groupe 0
-4.3807774,6.1631365,Tomoharu Natsume ,Groupe 3
-7.521859,27.69693,Ton chinchilla ,Groupe 3
-2.3063452,6.367076,Ton cousin par alliance,Groupe 3
3.4791155,12.839367,Ton m√©decin ,Groupe 3
-8.958669,-52.888878,ton papa!,Groupe 0
2.9573314,9.966563,Ton petit ami ,Groupe 3
2.3390205,11.487586,Tonnerre ,Groupe 3
-24.632597,-42.612915,TONY ESTANGUET,Groupe 0
-23.205507,-45.601868,Tony Parker,Groupe 4
0.09121752,-55.860188,Torlk,Groupe 0
7.135965,-53.628757,torlk (streamer jeux video),Groupe 0
20.302317,14.659551,Totoro ,Groupe 2
-30.589996,-10.377168,Touma√Ø,Groupe 0
19.767746,30.390444,Tracer (Overwatch),Groupe 2
9.930715,-8.590909,Travis Pastrana (pilote am√©ricain),Groupe 0
2.7897172,-59.783936,Tristan Hardy (√©tudiant INSA),Groupe 0
0.459293,8.172755,Trololol ,Groupe 3
26.59825,30.862993,Tryphon Tournesol,Groupe 2
15.668572,37.46415,Tuco (western: le bon la brute et le truand),Groupe 2
15.3259735,30.97384,Tyler Durden (perso du film fight club)[,Groupe 2
5.1336403,45.223686,Tyrion Lannister,Groupe 2
7.694143,-3.2413654,Ulysse,Groupe 2
3.634422,42.090443,ulysse 31 (dessin anim√©),Groupe 2
-22.16794,-9.505229,un astronaute,Groupe 0
-0.6983703,-60.756966,Un canard,Groupe 0
22.518686,22.18881,Un con qui s'amuse √† cliquer que sur non,Groupe 2
13.952442,9.291983,un dragon,Groupe 2
4.697367,14.361918,Un fant√¥me ,Groupe 3
-0.93724936,6.576403,un jouet ,Groupe 3
22.319576,-2.0974703,Un lama,Groupe 0
22.847652,-0.57170916,Un lama bleu,Groupe 2
22.469248,-3.179306,Un lapin,Groupe 0
3.9580595,11.204433,Un marcassin ,Groupe 3
2.7215252,4.5068293,Un Minion ,Groupe 3
23.0175,-12.298184,Un oiseau,Groupe 0
2.498563,2.4748294,Un orc ,Groupe 3
6.89606,13.940555,UN PETIT MALIN QUI CLIQUE SUR TOUT! ,Groupe 3
17.117588,-17.295374,Un rossignol,Groupe 0
4.7235847,7.798036,Un singe,Groupe 3
12.276838,8.958848,Un zombie ,Groupe 2
7.469672,11.892338,Un zombie ou mort-vivant  ,Groupe 3
5.7078114,11.01218,Une cacahu√®te,Groupe 3
5.6937466,4.2150946,Une fille dont tu es amoureux ,Groupe 3
6.6491756,9.534063,Une fille que vous avez aim√© sans retour ,Groupe 3
-16.393564,28.794657,Une termite ,Groupe 3
-19.046333,22.6364,Urahara Kisuke ,Groupe 3
6.558682,-20.127972,Usain Bolt,Groupe 4
11.3061075,4.483728,Utau Hoshina / Utau Tsukiyomi ,Groupe 3
21.783274,33.960793,Utsuho Reiuji,Groupe 2
3.1030333,-48.40442,Vald (rapeur),Groupe 0
20.232138,31.305899,Vayne,Groupe 2
4.6494374,-46.876163,Vegedream,Groupe 0
9.951196,5.0420294,Vegeta (DBZ),Groupe 2
-2.4320288,42.170883,V√©g√©ta (manga: dragon ball),Groupe 2
1.0950022,3.849677,V√©g√©to (manga: dragon ball),Groupe 3
-9.469086,-25.456978,vercing√©torix,Groupe 4
-1.0025675,-49.25098,Vianney (chanteur),Groupe 0
-14.976262,-29.684235,Victor Hugo,Groupe 4
-16.393438,28.794306,Vincent Claude ,Groupe 3
-3.707648,35.6257,Vlad III (roi de transylvanie),Groupe 2
17.514498,-25.925325,Vladimir Poutine,Groupe 4
28.315975,9.736099,Voldemort (personnage d'Harry Potter),Groupe 2
18.65356,11.552056,Wall-E,Groupe 2
-23.375309,-8.325775,Walt Disney,Groupe 0
36.225525,44.456318,Walter White (Personnage de Breaking Bad),Groupe 2
1.6764511,9.175356,Watt Tambor ,Groupe 3
3.5086782,6.4259243,Wayne Gretzky ,Groupe 3
-7.2912936,12.804623,White Len (jeu vid√©o:Melty Blood),Groupe 3
-5.502214,-13.169894,Will Smith,Groupe 0
-15.732249,19.129786,William Blaskowicz ,Groupe 3
-27.260153,-18.238625,William Shakespeare,Groupe 0
-8.554304,1.0089746,Willow Ufgood ,Groupe 3
14.143158,18.643713,Winnie l'ourson (personnage de dessin anim√©),Groupe 2
-27.681383,-19.046083,Winston Churchill,Groupe 0
-28.360603,-6.3935995,Wolfgang Amadeus Mozart (musicien),Groupe 0
6.8597484,34.56005,Wolverine (personnage des X-Men),Groupe 2
12.48202,39.91505,wonder woman,Groupe 2
2.1699812,-46.67122,Woodkid (chanteur-compositeur),Groupe 0
13.166734,15.225274,woody woodpecker,Groupe 2
26.694845,15.989509,Wrex (Mass effect),Groupe 2
8.586758,36.90905,XIII,Groupe 2
9.101494,33.638096,Yagami Light (Personnage Principale de Death Note),Groupe 2
15.187235,3.8515952,Yandere-chan,Groupe 2
-6.7919097,-57.79223,Yann Barthes (presentateur t√©l√©),Groupe 0
-10.012739,-53.07708,Yann Ricquebourg (enseignant INSA Rennes),Groupe 0
-19.263071,-45.36223,Yannick Noah,Groupe 4
11.132606,-16.47055,Yngwie Malmsteen,Groupe 0
-27.565353,-40.609756,Yoann Gourcuff,Groupe 0
17.94776,19.311716,Yoda (Jedi de Star wars),Groupe 2
11.242651,41.35508,Yoko Tsuno (perso bande dessin√©),Groupe 2
23.585415,16.824509,Yoshi,Groupe 2
0.604677,42.035595,Yugi Muto ,Groupe 2
1.0065314,43.307842,Yugo,Groupe 2
-30.57927,-10.749311,Yukio Mishima (√©crivain japonais),Groupe 0
-9.674492,-29.371614,Yves Montant (acteur),Groupe 0
2.9383845,41.061295,Zack Branigan,Groupe 2
-6.554681,5.0355105,Zack Ryder ,Groupe 3
-6.3305683,-43.010353,Zahia Dehar ,Groupe 0
4.952231,-13.1903715,Zbigniew Gutkowski (skipper polonais),Groupe 0
21.715748,36.286015,Zelda,Groupe 2
21.868708,29.05407,Zelda(princesse),Groupe 2
0.38141033,-54.428974,Zerator (streamer),Groupe 0
10.675422,33.75665,Zero Kyriu (manga Vampire Knight),Groupe 2
18.784868,38.492184,Zeus (dieu grec),Groupe 2
-15.75538,-50.740704,Zinedine Zidane,Groupe 1
4.140806,-19.050266,Zlatan Ibrahimovic,Groupe 4
