id,Axe_X,Axe_Y,Name,Cluster
252918.053762,-18.836948,	Onyx ,Groupe 1
608-8.53796,-10.52942, Samir Loussif ,Groupe 3
741017.42724,-37.650204, zero (personnage de jeu),Groupe 1
733614.650899,-8.547851,123,Groupe 0
7230-8.089807,-8.913372,A rien lol,Groupe 3
6598-7.3667803,46.74626,aa,Groupe 0
7628-6.736318,-6.9739604,Abd√ºlhamid II (sultan ottoman),Groupe 3
7621-7.4401374,-6.874189,7621"Abd√ºmalid 2 le Pieu Sultan de l'Empire Ottoman",Groupe 3
2055-0.06360397,24.808077,Abe Shinzo ,Groupe 0
3379-17.160627,-2.6981666,Abel ,Groupe 3
6688-0.6175576,58.30456,Abel Jabri,Groupe 0
7074-4.7587266,55.27356,Abel Jabri (apiculteur de l'INSA),Groupe 0
1343-6.022803,-9.820501,Abigail Marston ,Groupe 3
71099.07456,-44.486362,Abraracourcix,Groupe 1
642212.620105,-35.52931,Actarus,Groupe 1
7525-21.51014,17.098186,Ada Lovelace (comtesse brittanique programmeuse),Groupe 0
690715.493066,23.931622,Adam Ondra,Groupe 0
665817.719746,14.372717,Adele,Groupe 0
72680.73063916,46.516853,Ad√©mar Prothon (√©tudiant INSA),Groupe 0
67047.534984,-36.59036,Adibou,Groupe 1
2574-30.578495,20.689402,Adolf Hitler,Groupe 2
321217.150711,-48.879093,Aelita Stones ,Groupe 1
649815.610518,-32.67697,Agent 47,Groupe 1
5562-6.081646,-6.628001,Ahmed Chawki ,Groupe 3
5585-6.5403514,-8.623229,Ahmed mansour ,Groupe 3
737711.265144,-37.534397,Ahri (jeu League of Legends),Groupe 1
7493-35.055904,3.3217561,Aim√© C√©saire (√©crivain),Groupe 0
5398-7.9882827,-8.113778,Aissa Mandi	 ,Groupe 3
688925.837637,16.421568,Aja Naomi King (actrice am√©ricaine),Groupe 0
669422.206356,-18.290445,Akinator,Groupe 2
7461-1.3693407,6.7841,Al Capone (gangster am√©ricain),Groupe 0
7292-15.91917,17.483559,Al-Khwarizmi (math√©maticien arabe du 10e si√®cle),Groupe 0
640810.5100155,-57.14214,Aladdin,Groupe 2
6518-6.224044,36.15918,Alain Delon,Groupe 4
68666.49975,58.382275,Alain Jupp√©,Groupe 0
6857-1.4044259,55.479824,Alain Le Boulch,Groupe 0
6378-10.097472,38.58262,Alain Prost,Groupe 4
64937.697519,60.46461,Alain Soral (Essayiste),Groupe 0
6699-22.534494,14.921664,Alan Turing,Groupe 0
704210.253677,17.548119,Alan Walker (DJ  britannico-norv√©gien),Groupe 0
75199.095966,-47.311913,Albator,Groupe 1
7416-30.033842,4.923835,Albert Camus,Groupe 0
6386-31.167559,23.683872,Albert Einstein,Groupe 2
7438-35.750378,12.542338,Albert Jacquard (biologiste fran√ßais),Groupe 0
738612.3848505,-51.892693,Albus Dumbledore (personnage de Harry Potter),Groupe 1
7631-7.266933,-8.594868,Alcibiade (homme politique et g√©n√©ral ath√©nien),Groupe 3
706722.363522,-27.517082,Alduin (personnage de Skyrim),Groupe 1
33843.7993968,-0.12847234,Aleister Crowley ,Groupe 3
7091-14.220013,-31.268675,Alex (Totally Spies),Groupe 1
7322-0.6893176,48.230675,Alex Keryhuel (√©tudiant INSA),Groupe 0
682320.066002,21.414822,Alex Thompson,Groupe 0
6676-8.041694,-30.246502,Alex Vaus (Personnage de serie TV:Orange is the new black),Groupe 1
71933.9245787,53.876423,Alexandre Benalla,Groupe 0
7648-6.586944,-9.505369,Alexandre Chapin,Groupe 3
6777-20.970934,41.810608,Alexandre Lacazette,Groupe 0
626-2.311816,24.500599,Alexandre le Grand ,Groupe 0
6561-9.016939,16.010641,Alfred Hitchcock,Groupe 0
7489-9.263872,-40.924805,Alice (du livre Alice au pays des merveilles),Groupe 1
75427.3392186,42.59733,Alkpote (rappeur fran√ßais),Groupe 0
7257-17.982426,41.450768,allison pineau (joueuse de handball),Groupe 0
702910.631979,-38.86281,Aloy (Horizon : zero dawn),Groupe 1
75459.312429,40.451054,Alpha Wann (rappeur fran√ßais),Groupe 0
6860-18.393887,46.570282,alphonse Mar√ßay,Groupe 0
705615.844157,-41.877678,Altair,Groupe 1
3676-8.840508,-8.209568,Amadou Toumani Tour√© ,Groupe 3
7136-14.32588,12.084937,Amaterasu (d√©esse japonaise du soleil),Groupe 0
6096-8.996445,-8.999787,Amaterasu Okami ,Groupe 3
6775-35.01567,5.330368,Ambroise Par√©,Groupe 0
7143-7.5032306,16.19815,Amelia Earhart,Groupe 0
7429-15.987947,42.365036,Am√©lie Mauresmo,Groupe 0
6876-22.871668,44.874046,Amine Harit (footballeur),Groupe 0
2942-7.089937,-10.109755,Amiral Yamamoto ,Groupe 3
4399-11.841719,-24.187675,Amy Reid ,Groupe 3
69958.60547,-50.755005,Anakin Skywalker,Groupe 1
7534-28.907253,4.6180134,Andr√© Malraux,Groupe 0
578-6.4974184,-7.7925878,Andr√© Mathevet ,Groupe 3
2237-8.541139,-11.714472,Andrew Martin ,Groupe 3
71956.165769,-48.089027,Andrew Wiggins (personnage livre),Groupe 1
672218.95349,-14.047437,Anduin Wrynn,Groupe 1
6118-8.09853,-11.15914,Andy ,Groupe 3
749926.009928,12.416251,Andy Serkis (acteur brittanique),Groupe 0
64235.4425206,19.32286,Angela Merkel,Groupe 4
690826.037233,12.269373,Angelina Jolie (actrice),Groupe 0
105-6.044874,-9.018467,Anissa ,Groupe 3
6862-35.35032,16.977558,Anne de Bretagne,Groupe 0
3227-7.175919,3.2178469,Anne Hidalgo ,Groupe 3
64667.487833,25.057459,Annie Cordy,Groupe 0
43687.6454773,-1.6916265,Ant-man ,Groupe 3
70317.418664,-46.456615,Ant-man (super h√©ros Marvel),Groupe 1
7413-15.867141,42.41737,Anthony Cornet (rameur barreur fran√ßais),Groupe 0
7647-7.190916,-7.8417788,Anthony Modeste (joueur de foot),Groupe 3
270-7.3595543,-11.515851,Anti-venom ,Groupe 3
6715-14.856722,38.52684,Antoine Albeau (sportif (planche √† voile) francais le plus titr√© ,Groupe 0
168-3.1727643,-9.493924,Antoine Barrier ,Groupe 3
69166.335375,48.82957,Antoine Daniel (vid√©aste web),Groupe 0
35864.414758,61.400936,Antoine de Caunes ,Groupe 4
6488-24.172213,41.4888,Antoine Griezmann (Footballeur fran√ßais),Groupe 4
7019-2.1136506,50.840492,Antonin Fleury,Groupe 0
3124-7.1030183,-15.078207,Apu Nahasapeemapetilon ,Groupe 3
324113.660568,-11.34226,Aquarius ,Groupe 3
69297.1581154,-49.238426,Aragorn (Le Seigneur des Anneaux),Groupe 1
755616.4334,-49.46975,Archie (personnage de Riverdale),Groupe 1
708911.789957,-46.496174,Ar√®s (dieu grec de la guerre),Groupe 1
750518.606825,13.227384,Ariana Grande (chanteuse am√©ricaine),Groupe 0
66685.335924,2.594143,Ariane,Groupe 1
7151-7.0209804,-42.42598,Ariel,Groupe 1
6725-17.561365,38.182365,Armel Le Cl√©ac'h,Groupe 4
645330.55226,8.856002,Arnold Schwarzenegger,Groupe 4
751418.064837,-11.86837,Artemis (d√©esse grecque),Groupe 1
693321.039333,-36.198235,Arthas (Roi-Liche de Warcraft),Groupe 1
7350-2.9404523,-49.712864,Arthur Morgan (personnage de Red dead Redemption 2),Groupe 1
717315.172875,-51.111977,Arya Stark,Groupe 1
661928.5515,18.063639,Asa Akira,Groupe 0
70937.057155,-47.751015,Ashitaka (personnaage film d'animation),Groupe 1
4274-3.8894064,-10.315572,Ashura √îtsutsuki ,Groupe 3
5555-3.3735833,-8.850547,Aspicot (pokemon)  ,Groupe 3
73539.292902,-57.091274,Ast√©rix (personnage de BD),Groupe 2
7121-7.859943,-43.012665,Asuna (Sword Art Online),Groupe 1
4953-6.4545617,-11.015634,Atomic Betty ,Groupe 3
716517.508793,-2.4916584,Attila (roi de huns),Groupe 0
6938-8.123521,14.7723465,August Ames (rip),Groupe 0
6986-34.127907,12.276384,Augustin Louis Cauchy (math√©maticien fran√ßais),Groupe 0
7600-15.759542,41.09404,Aur√©lie Dupont (directrice opera Paris),Groupe 0
746416.645267,11.349051,Axl Rose (chanteur de Guns N' Roses),Groupe 0
2248-4.56902,-10.181517,Axoloto ,Groupe 3
73359.423741,41.644012,Aya Nakamura (chanteuse),Groupe 0
111-4.0561714,-10.883163,Ayano Kannagi ,Groupe 3
72339.192034,39.227585,7233"B2O le duc de Boulogne",Groupe 0
718513.679579,-16.261621,Babar (√©l√©phant de dessin anim√©),Groupe 1
7645-3.8673933,-9.6130905,Babu Frik (personnage de Star Wars),Groupe 3
8898.492279,-0.606191,Bahamut ,Groupe 3
11442.709867,-26.359886,Balthazar Picsou ,Groupe 1
556-5.828231,-11.495346,Balthazar/Cole Turner ,Groupe 3
745612.271513,18.572035,Banksy (artiste brittanique),Groupe 0
6411-30.270763,24.464296,Barack Obama,Groupe 2
717913.221003,-16.830734,Barbapapa,Groupe 1
621-0.7723807,-33.618675,Barbie ,Groupe 1
7301-4.587702,-51.670563,Bart,Groupe 1
7152-4.39106,-32.196808,Bart Simpson,Groupe 1
7626-2.7941134,-8.21291,Basile J√©z√©quel (illustre √©l√®ve),Groupe 3
64178.852493,-55.616,Batman,Groupe 2
3946-5.7919884,-10.491628,Baxter Stockman ,Groupe 3
745029.919659,-39.93811,Bellatrix Lestrange (perso de Harry Potter),Groupe 1
6909-7.36935,-41.193596,Belle (La Belle et la B√™te),Groupe 1
39724.635448,-22.839693,Belle et S√©bastien,Groupe 3
281124.598986,-22.85375,Belphegor ,Groupe 3
663225.71672,11.649422,Benedict Cumberbatch,Groupe 0
6433-1.371119,24.886658,Benjamin Franklin,Groupe 0
7581-17.847898,43.191963,Benoit Paire (tennisman fran√ßais),Groupe 0
69887.243835,17.831263,Benyamin Netanyahou (premier ministre Isra√´l)),Groupe 0
7437-10.958037,38.736614,Bernard Hinault (cycliste fran√ßais),Groupe 0
73992.6981137,41.86195,Bernard Minet (Chanteur),Groupe 0
6505-6.9208136,34.3664,Bernard-Henry L√©vy (philosophe imposteur),Groupe 4
68943.60999,39.01188,Betrand Cantat,Groupe 0
660222.850077,16.266731,Beyonc√©,Groupe 4
74518.425505,41.41268,Bilal Hassani (chanteur fran√ßais),Groupe 0
749518.141941,-11.895707,Bilbon Saquet (hobbit),Groupe 1
745518.740294,9.327584,Bill Clinton (42e pr√©sident am√©ricain),Groupe 0
739620.000317,8.898843,Bill Gates,Groupe 0
697716.719717,19.64855,Bill Gates (Fondateur de Microsoft),Groupe 4
74758.436633,-47.984962,Black Panther (super h√©ros Marvel),Groupe 1
362-3.6454432,-8.138063,Black Star ,Groupe 3
75998.24082,-45.217594,Black Widow (perso de l'univers Marvel),Groupe 1
6990-6.3298965,-32.05786,Blair Waldorf (s√©rie TV: Gossip Girl),Groupe 1
6729-35.40212,8.266964,Blaise Pascal,Groupe 0
41788.250885,-35.48819,Blanche Neige ,Groupe 1
65030.4175314,-42.579742,6503"Blondin (le bon la brute et le truand)",Groupe 1
7644-1.5877719,-9.165965,Bob Dylan (chanteur),Groupe 3
6902-0.5246924,-28.581158,Bob l'√©ponge (personnage de dessin anim√©),Groupe 1
68931.1021863,-31.827007,Bob le Bricoleur,Groupe 1
70008.230176,48.152103,Bob Lennon (vid√©aste fran√ßais),Groupe 0
6414-22.310316,21.745228,Bob Marley,Groupe 4
674315.595732,-24.4555,Boga (perso animalier de Star Wars),Groupe 1
72154.05394,16.991756,Bonno (Chanteur de U2),Groupe 0
38489.863741,38.71858,Booba ,Groupe 0
761211.471057,19.432512,Boris johnson (homme politique anglais),Groupe 0
67419.597851,5.4157634,Bouna Sarr,Groupe 0
722924.222744,-26.847218,Bowser (jeu vid√©o Mario),Groupe 1
741124.518463,-25.803768,Bowser Jr. (jeu vid√©o Mario),Groupe 1
72064.937545,-35.461704,Bowsette (hybride Peach & Bowser),Groupe 1
660429.015026,6.8883333,Brad Pitt,Groupe 0
6610-2.822314,-42.637222,Brice de Nice,Groupe 1
862-6.9437633,1.2938617,Brienne de Torth ,Groupe 3
6812-4.867534,39.541813,Brigitte Bardot,Groupe 0
7148-4.641524,39.36676,Brigitte Macron,Groupe 0
727123.210424,-40.266335,Broly (manga dragon ball),Groupe 1
7250-14.449991,16.205538,Bruce Lee,Groupe 0
6998-13.494299,-31.698957,Bruce Wayne (Batman),Groupe 1
662825.391973,6.774656,Bruce Willis,Groupe 0
1862-6.6406674,-11.64849,Bruno Senna ,Groupe 3
70809.520892,-15.556121,Bulbizarre (pokemon),Groupe 1
371318.064568,-19.88984,C3PO ,Groupe 1
72759.269654,18.788202,Caballero (rappeur),Groupe 0
69014.1697426,-33.215225,Caca (d√©esse romaine du foyer et du feu) ,Groupe 1
230-23.09878,-12.610708,Caca bouda ,Groupe 3
652514.736708,-10.501534,Ca√Øn (premier fils d'Adam et Eve),Groupe 1
4163-6.057736,-13.838012,Cait Sith ,Groupe 3
49898.96046,-18.366407,Calim√©ro ,Groupe 1
739820.305496,18.506023,Cam Newton (joueur am√©ricain de football am√©ricain),Groupe 0
6827-33.716946,10.853438,Camille Claudel,Groupe 0
7117-1.4941831,-32.123352,Candy,Groupe 1
7047-2.1233718,-45.973846,Capitaine Flam (personnage dessins anim√©s),Groupe 1
6738-3.194504,-28.96321,Capitaine Haddock,Groupe 1
47436.756452,-55.0213,Captain America ,Groupe 1
7304-11.323526,-30.486298,Carl ( personnage de The walking dead ),Groupe 1
721019.393717,7.2414184,Carl Lewis (athl√®te am√©ricain),Groupe 0
7623-4.3139625,-12.425864,Carl Pomerance (Number theorist),Groupe 3
6964-8.127166,15.940205,Carl Sagan (scientifique am√©ricain),Groupe 0
7201-39.98428,8.967229,Carlos (Tirelipimpon),Groupe 0
6814-2.7385044,35.1925,Carlos Ghosn,Groupe 0
6786-33.676678,10.856981,Caroline Aigle (pilote de chasse),Groupe 0
2239-4.271496,-7.781454,Caroline Channing ,Groupe 3
7024-9.227884,16.0715,Carrie Fisher (Actrice de Leia),Groupe 0
737618.789392,-16.065945,cars (personnage voiture dessin anim√©),Groupe 1
4490-2.887604,5.706532,Cartman ,Groupe 3
7347-3.0670557,-32.999626,Cartman (Personnage de South park),Groupe 1
709412.252815,-20.959742,Casimir (personnage de vieux dessin anim√©),Groupe 1
64136.6293592,-23.08272,Casper,Groupe 1
3581-3.4349043,-11.324943,Casquette ,Groupe 3
705721.465015,-50.64685,Castiel,Groupe 1
6608-20.969112,4.811712,Catherine de Medicis,Groupe 0
6943-34.951565,4.362494,Cauchy (scientifique),Groupe 0
3891-2.7788572,-12.831293,C√©dric Barbosa ,Groupe 3
638-4.202549,-13.612492,C√©dric Orl√©ans ,Groupe 3
64417.074031,55.44209,C√©dric Villani,Groupe 4
667710.9241,22.41854,C√©line Dion,Groupe 4
1234-14.573301,39.614994,C√©line Dumerc ,Groupe 0
646814.945601,-12.548717,Celty Sturluson (Manga Durarara!!),Groupe 1
153110.377957,-34.49993,Cendrillon ,Groupe 1
734115.960246,-46.710724,Cercei Lannister,Groupe 1
702510.752763,-27.12637,cet ordinateur,Groupe 1
7081-1.7930651,-33.387707,Chandler Bing (s√©rie tv friends),Groupe 1
66466.5258827,-40.891987,Chandra Nala√†r,Groupe 1
6402-2.8022296,24.40681,Charlemagne,Groupe 4
7356-40.569855,11.550487,Charles aznavour,Groupe 0
69310.2291683,52.163593,Charles Cornet (prof. INSA),Groupe 0
7482-20.903458,17.30955,Charles Darwin,Groupe 0
729-31.82701,20.348797,Charles de Gaulle ,Groupe 2
6510-12.009012,19.994715,Charles Martel (Arri√®re grand p√®re de Charlemagne),Groupe 0
6934-29.344954,7.3000827,Charles Maurras (intellectuel fran√ßais),Groupe 0
327424.59868,-22.854057,Charles Montgomery (Monty) Burns ,Groupe 3
6945-19.881273,4.6157007,Charles Spencer Chaplin,Groupe 0
7440-6.562877,16.101183,Charlie Chaplin,Groupe 0
6689-21.958504,16.737747,Charlotte Bronte (ecrivain anglaise),Groupe 0
7174-6.3085213,45.298126,Charlotte Richard,Groupe 0
6776-13.0120735,15.309924,Che Guevara,Groupe 0
6477-16.158394,0.7147595,Cheikh Ndoye,Groupe 0
7078-9.828171,11.347876,Chester Bennington (chanteur Linkin Park),Groupe 0
7524-39.763416,10.1010065,chevalier de Saint-George (escrimeur et musicien fran√ßais),Groupe 0
70738.751962,-43.25776,Chewbacca,Groupe 1
4463-3.2382283,-6.556517,Chien ,Groupe 3
6709-10.326736,-41.64481,Chiiro,Groupe 1
7617-2.9011526,-11.8933,Chilla (rappeuse),Groupe 3
3868-1.8954812,-8.246892,Chilled (Dragon Ball),Groupe 3
6594-25.023806,10.495775,Chopin,Groupe 0
7248-12.273346,37.632595,Christian Fazzino (p√©tanqueur),Groupe 0
6469-8.738588,54.41599,Christian Raymond (prof. INSA),Groupe 4
6473-6.0933685,39.94216,Christian Taubira (femme politique),Groupe 0
65966.2341557,38.24409,Christophe Ma√©,Groupe 0
704520.80818,23.443354,Christopher Froome (cycliste),Groupe 0
735713.186981,19.469099,Christopher Nolan (r√©alisateur britanno-am√©ricain),Groupe 0
14945.1635904,-55.676315,Chuck Bartowski ,Groupe 1
638330.992294,9.070971,Chuck Norris,Groupe 4
237612.825459,-34.322117,Chun-Li (jeu vid√©o Steet-Fighter),Groupe 1
749017.555832,-2.4775262,Cic√©ron (consul Romain),Groupe 0
1479-1.6457074,-11.18319,Clara Alonso ,Groupe 3
6667-4.6900005,41.142303,Clara Morgane (Actrice),Groupe 0
7305-5.345841,-33.022976,Clara Oswald (personnage de Doctor Who),Groupe 1
6586-25.677055,10.79722,Claude Fran√ßois,Groupe 0
73663.199814,49.322617,Cl√©ment Aycard (majorant),Groupe 0
6810-17.582092,11.517572,cleopatre,Groupe 0
302430.49942,12.956429,Clint Eastwood,Groupe 0
7407-36.17931,16.269026,Clovis (roi des francs saliens),Groupe 0
6484-33.607414,5.1073585,Coluche,Groupe 0
4317-3.1335158,-10.742056,Commando Clone ,Groupe 3
573715.358089,-32.337788,Corvo Attano ,Groupe 1
209-3.5349798,-13.208935,Corvus ,Groupe 3
3221-22.955687,-19.24674,Cranky Kong ,Groupe 3
717615.901149,-40.47891,Crash Bandicoot,Groupe 1
508523.444376,-26.641195,Creeper ,Groupe 1
243817.844112,26.604628,Cristiano Ronaldo ,Groupe 4
1443-1.4760842,-10.161262,Croutard ,Groupe 3
2684-3.5574143,-12.377072,Cthulhu ,Groupe 3
6835-6.43447,-44.8053,Curly Brace,Groupe 1
70495.046513,-41.97741,Cyclope (personnage des X-Men),Groupe 1
68337.6914988,49.47671,cyprien,Groupe 0
66958.355103,51.13328,Cyprien Iov,Groupe 0
2692.823757,3.9832718,Cyril Dumoulin ,Groupe 3
76081.4214175,58.00198,Cyril Hanouna (Pr√©sentateur de Touche pas √† mon Poste),Groupe 0
72073.1431255,46.513866,d,Groupe 0
14204.1099663,-17.27151,Daario Naharis ,Groupe 3
709615.764559,-48.817013,Daenerys Targaryen (Game of throne),Groupe 1
66751.0811641,-31.825087,Daiki Aomine (personnage de manga),Groupe 1
74595.3406115,14.471203,Dala√Ø-lama,Groupe 0
6781-24.761147,8.328385,Dalida (chanteuse franb√ßaise),Groupe 0
73919.378001,18.722206,Damien Chazelle (r√©alisateur),Groupe 0
4610-5.0841837,-13.838812,Damon Hill ,Groupe 3
703010.413056,16.43604,7030"Damso (William Kalubi rappeur)",Groupe 0
74731.3311027,4.9558077,Daniel Bryan (catcheur wwe),Groupe 1
6795-14.300693,38.583378,Daniel Narcisse,Groupe 0
7039-18.059265,41.204666,Daniel Narcisse (Joueur de handball fran√ßais),Groupe 0
725826.338099,19.587332,Daniel Radcliffe,Groupe 0
6439-6.928928,52.37726,Danielle Quichaud,Groupe 0
71035.028222,50.515827,Daniil le Russe (youtubeur),Groupe 0
6813-1.2954291,41.552513,dany boon,Groupe 0
6132-4.002213,-11.727192,Dark Krayt ,Groupe 3
63969.397939,-54.78789,Dark Vador,Groupe 2
6785-22.814762,15.759973,darwin,Groupe 0
643218.77023,21.300102,David Beckham,Groupe 0
6963-15.114749,39.02286,David Belle (sportif acteur fran√ßais),Groupe 0
6446-23.604282,20.021536,David Bowie,Groupe 0
675917.075432,13.390102,David Copperfield (Magicien),Groupe 0
7171-12.308021,37.97283,David Douillet (judoka fran√ßais),Groupe 0
692116.574738,11.3002405,David Fincher (R√©alisateur),Groupe 0
647514.603617,11.0267515,David Gilmour,Groupe 0
66656.2110333,37.04963,David Guetta,Groupe 0
71305.34538,40.287518,david halliday,Groupe 0
72472.455181,56.504917,David Pujadas (pr√©sentateur France 2),Groupe 0
6837-14.550163,38.89488,DAVID SKRELA,Groupe 0
557318.022758,21.100119,David Tennant ,Groupe 0
74855.4150796,49.53384,DavidLaFargePok√©mon (youtubeur),Groupe 0
690329.047842,5.802011,De niro (acteur),Groupe 0
7538-3.5758908,-48.08811,Deadpool (super-h√©ros Marvel),Groupe 1
7058-2.352319,-34.85795,Dean,Groupe 1
7054-12.965922,-31.827518,Dean (personnage de Supernatural),Groupe 1
707718.121506,-34.217598,Deathstroke (Slade Wilson dans DC comics),Groupe 1
3029-4.730822,-12.985542,Deliora ,Groupe 3
7223-2.7172618,-39.757458,D√©tective Conan,Groupe 1
5412-5.345354,-12.464673,Devin Weston ,Groupe 3
695321.789816,-18.15415,DevINSA,Groupe 1
7116-11.6133175,-34.464947,Dexter Morgan,Groupe 1
5431-2.4425259,-11.2316265,Dialga ,Groupe 3
1136-4.6376157,-11.524136,Diana Bishop ,Groupe 3
5092-5.660901,-13.122014,Dianth√©a ,Groupe 3
6437-9.32532,34.31499,Didier Deschamps,Groupe 4
72989.72398,20.763102,Didier Drogba (footballeur Ivoirien),Groupe 0
28877.2005405,-24.558445,Dieu ,Groupe 2
6520-0.14096145,30.060062,Dieudonn√© (humoriste),Groupe 4
6858-20.361755,42.104046,Dimitri Payet,Groupe 0
736010.58186,-7.319067,Dingo (ami de mickey),Groupe 1
73103.6683636,-45.516064,Dio Brando (JoJo Bizarre Adventure),Groupe 1
7553-4.3611045,55.54753,Directeur INSA Rennes,Groupe 0
69935.453302,39.60376,Dj Snake (Dj),Groupe 0
7155-16.473532,16.999512,Dmitri Mendele√Øev (chimiste russe),Groupe 0
703817.826008,-21.916716,Dobby (Personnage de Harry Potter),Groupe 1
70990.56715757,-35.075047,Doc brown,Groupe 1
7314-5.646821,-33.116024,Docteur House (personnage),Groupe 1
4861-5.106105,-11.903901,Docteur Kureha ,Groupe 3
68178.855049,45.003708,domingo,Groupe 0
138-2.1141398,-12.131934,Dominique Gros ,Groupe 3
71754.2651005,57.645077,7175"Dominique Strauss-Kahn (dit DSK homme politique)",Groupe 0
71327.8595915,-47.90477,Don  quichote,Groupe 1
3796-2.2549148,-10.421647,Don Chinjao ,Groupe 3
1072-6.894479,-13.521668,Don King ,Groupe 3
645616.60957,-22.84374,Donald Duck,Groupe 1
6538-30.237589,24.520485,Donald Trump,Groupe 2
6690-10.556268,-41.30916,Dora,Groupe 1
7291-0.7776111,-30.431355,Dora l'exploratrice (dessin anim√©),Groupe 1
67587.586895,-31.53907,Doraemon,Groupe 1
7562-5.764272,-31.347467,Dr Cristina Yang (perso de Grey's Anatomy),Groupe 1
1626-7.627162,-13.150017,Dr Gero (Dragon Ball),Groupe 3
71868.705052,46.872955,Dr Nozman(Youtuber),Groupe 0
44689.978015,-17.88569,Dracaufeu (animal Pokemon),Groupe 1
646320.379831,-32.48132,Dracula,Groupe 1
66616.2322083,-41.875816,Drago Malefo (personnage Harry Potter),Groupe 1
38938.683623,-1.6659223,Dragon √©toile filante ,Groupe 3
2772-4.016487,-7.0414114,Drattak ,Groupe 3
4455-3.2993839,-7.447947,Duchesse ,Groupe 3
1613-5.486069,-11.0751915,Duff ,Groupe 3
63815.7561493,-56.0161,Duke Nukem,Groupe 1
671924.876745,7.369137,Dwayne Johnson (The Rock),Groupe 0
733326.076984,7.6021714,E,Groupe 0
743115.150299,-22.381792,E.T. (alien),Groupe 1
6756-16.445036,46.3378,Earvin Ngapeth,Groupe 0
680511.503579,-31.03916,Eckko ( champion league of legends),Groupe 1
72519.202768,16.389736,Ed Sheeran (chanteur),Groupe 0
10339.086557,6.9627137,Eden Hazard ,Groupe 0
69579.101144,6.921821,Edinson Cavani (footballer paris),Groupe 0
7507-3.765579,-49.110413,Edward Kenway (perso jeu Assassin's Creed),Groupe 1
655817.817505,15.422849,Edward Snowden,Groupe 4
202518.988855,-15.634781,Edward Teach / Barbe Noire ,Groupe 1
7027-6.979878,-32.52392,Elliot (s√©rie Mr.Robot),Groupe 1
686520.280834,15.368469,Elon musk,Groupe 4
676216.084736,15.420296,Elon Musk (Pdg Tesla & SpaceX),Groupe 0
6847-9.345728,-42.64725,Elsa,Groupe 1
726711.349666,18.832144,Elton John,Groupe 0
6744-29.670315,9.3295145,Emile Zola,Groupe 0
706926.422821,18.738907,Emilia Clarke (acteur de Game of Thrones),Groupe 0
702016.966784,27.86804,7020"Emiliano SALA (footballeur attaquant fc nantes)",Groupe 0
663120.353542,13.642507,Eminem,Groupe 4
691419.225386,11.5783825,Eminem (chanteur),Groupe 4
4239-5.1444445,-10.305254,Emiya Kiritsugu ,Groupe 3
725527.238531,19.741703,Emma Stone (actrice),Groupe 0
671427.732288,20.523153,Emma Watson,Groupe 4
6925-30.824663,24.794136,Emmanuel Macron (pr√©sident de la R√©publique Fran√ßaise),Groupe 2
712-6.075191,-12.145309,EnjoyPhoenix ,Groupe 3
6881-6.40159,47.250248,Enora L (Etudiante INFO promo 2018),Groupe 0
5550-2.2859268,-9.655733,Ephialt√®s ,Groupe 3
75089.096379,-46.61792,Eragon (personnage de roman de fantasy,Groupe 1
68526.0803447,54.487797,Eric Antoine,Groupe 0
6536-13.959444,35.928642,√âric Cantona,Groupe 0
5087-18.913736,-15.943171,Eric Clapton ,Groupe 3
6460-9.248105,34.930916,√âric Di M√©co (ancien joueur de l'OM),Groupe 4
5494-13.354951,-34.99219,Eric Th√©odore Cartman ,Groupe 0
7530-4.076939,55.209538,Erwan Legruyer (chercheur INSA),Groupe 0
253-4.797232,-10.903281,Erza Scarlett ,Groupe 3
7172-16.236893,12.520417,Escher,Groupe 0
265-4.08912,-8.785768,Esperanza Gomez ,Groupe 3
7282-8.775353,-32.278873,Esteban (cit√©s d'or),Groupe 1
7273-3.4521616,53.226513,√âtienne Chouard (militant politique),Groupe 0
75334.108557,55.83348,√âtienne Klein (physicien fran√ßais),Groupe 0
7509-35.73287,12.5806055,Eug√®ne Delacroix (peintre du 19√®me),Groupe 0
6856-33.0577,8.701383,Eug√®ne Livet (√©ducateur fran√ßais),Groupe 0
7197-35.42638,10.152639,Eug√©nie Brazier (chef cuisini√®re),Groupe 0
2245-3.0613894,-10.116417,Eustass "Captain" Kidd ,Groupe 3
7537-36.9342,4.219037,√âvariste Galois (Math√©maticien fran√ßais),Groupe 0
68317.810042,-43.357468,Ewok,Groupe 1
67986.0122194,-34.92501,Eyeshield 21,Groupe 1
6828-2.9416242,-50.976208,Ezio Auditore da Firenze (jeu assassin creed),Groupe 1
6789-4.4360056,37.53243,f,Groupe 0
6406-10.844577,32.4435,Fabien Barthez,Groupe 4
7178-1.1360276,49.829388,Fabien desgranges,Groupe 0
7183-22.321629,43.86338,Fabien Lemoine (footballeur),Groupe 0
1904-23.098763,-12.6107435,Facteur Yacinthe ,Groupe 3
7635-7.000726,-12.367164,Falco (Jeu StarFox),Groupe 3
7460-15.0364,13.291069,Fedor Dosto√Øevski,Groupe 0
379-4.4368105,-9.464089,Felicity Smoak ,Groupe 3
7638-6.4147687,-12.808757,Fernando Alonzo (pilote F1),Groupe 3
720913.58986,-23.01066,Ferris (Mascotte de rust),Groupe 1
3208-2.4503326,-7.402449,Ferris Eris ,Groupe 3
6548-13.646838,13.307794,Fidel Castro (ancien dictateur de Cuba),Groupe 0
68556.811092,-31.879383,Fil√©mon (perso BD),Groupe 1
1348-23.098772,-12.610731,Flairsou ,Groupe 3
29-2.4881582,-8.917161,Flash McQueen ,Groupe 3
703623.114208,12.246928,Flea (Red Hot Chilli Peppers),Groupe 0
221-7.796267,-9.568458,Fleur Piranha ,Groupe 3
7523-3.541109,40.79997,Florence Foresti,Groupe 0
6627-21.678028,41.893764,Florent Manaudou,Groupe 0
71613.4564357,40.643913,Florent Pagny,Groupe 0
7023-1.1163865,48.857986,Florian Lisieux (√©tudiant INSA),Groupe 0
69369.976361,15.635094,Flume (musicien),Groupe 0
69557.285898,-46.601013,Ford Prefect (perso du Guide du voyageur galactique),Groupe 1
1057-5.3515916,-6.2371674,Foued Kadir ,Groupe 3
7062-40.688828,12.069747,France Gall,Groupe 0
7108-21.28004,43.640594,Franck Ribery (footballeur),Groupe 0
70763.755166,41.35382,Francky Vincent,Groupe 0
7139-36.02809,16.440578,Fran√ßois 1er,Groupe 0
69267.7695966,58.6742,Fran√ßois Asselineau (pr√©sident UPR),Groupe 0
65416.644034,60.888184,Fran√ßois Fillon,Groupe 4
59-30.61856,24.65799,Fran√ßois Hollande,Groupe 2
769-4.0817666,2.091244,Fran√ßois II ,Groupe 3
6462-30.876785,10.079092,Fran√ßois Mitterand,Groupe 4
7500-2.941979,-39.693783,Fran√ßois Pignon (personnage de films),Groupe 1
7107-29.046865,6.0718427,Fran√ßoise DOLTO,Groupe 0
6696-6.2719984,-29.346134,Franklin,Groupe 1
7119-17.131994,21.35169,Freddy Mercury (chanteur de Queen),Groupe 0
7261-34.678913,11.965816,Fr√®res Lumi√®re,Groupe 0
6705-35.09465,5.437851,Freud,Groupe 0
67213.7361488,-49.860443,Frodon,Groupe 2
70666.309118,51.076817,Gab35 (youtubiste),Groupe 0
742015.250611,23.052032,Gabriela Sabatini (tenniswoman argentine),Groupe 0
6534-0.60026443,39.24793,Gad Elmaleh (Humoriste),Groupe 0
5487-20.341547,39.917603,Ga√´l Monfils (tennisman),Groupe 0
64619.823005,-24.924982,Ga√Øa,Groupe 1
4234-5.7747893,-7.3473225,Gajeel Redfox ,Groupe 3
697325.896223,16.427122,Gal Gadot (actrice Isra√©lienne),Groupe 0
7125-17.849901,13.937459,Galil√©e,Groupe 0
685010.609072,-42.28809,Gandalf,Groupe 1
676010.116358,-52.236988,Gandalf (le seigneur des anneaux),Groupe 1
6804-17.330423,12.94109,gandhi,Groupe 0
61721.090145,-37.433857,Ganondorf ,Groupe 1
697215.735618,-26.388931,6972"Ganym√®de (oiseau compagnon de Bastion jeu vid√©o Overwatch)",Groupe 1
7442-4.0863657,-49.966377,Garen (jeu vid√©o League of Legends),Groupe 1
662111.502664,-20.705826,Garfield,Groupe 1
73803.2365665,-36.541668,Gargamel (BD les Schtroumf),Groupe 1
7008-8.9508505,-43.741302,Gasai Yuno (manga Mirai Nikki),Groupe 1
2259-0.9435971,-41.061954,Gaston Lagaffe ,Groupe 1
664819.938501,-18.58777,G√©ant Vert,Groupe 1
652128.482794,12.984191,Gene Hackman (acteur am√©ricain),Groupe 0
277013.660568,-11.342212,G√©n√©ral Shepard (Mass Effect),Groupe 3
46187.351196,-23.693455,Genie Dans Aladin ,Groupe 1
7285-15.823714,14.918102,Georg Friedrich Bernhard Riemann (math√©maticien allemand),Groupe 0
7373-2.3892496,-40.47354,George Abitbol (film La Classe am√©ricaine),Groupe 1
74334.2044573,53.392754,George Boole (math√©maticien brittanique),Groupe 0
130228.154917,6.1367083,George Clooney ,Groupe 0
7321-8.211582,17.56368,George Washington (pr√©sident am√©ricain),Groupe 0
6838-25.217176,10.077976,Georges Bizet (musicien fran√ßais),Groupe 0
7515-39.646225,11.019765,Georges Brassens (chanteur),Groupe 0
6790-33.277485,8.989749,Georges Clemenceau ()[Dhomme politique),Groupe 0
75924.0644937,-0.54248756,Geralt de Riv (perso de fiction de The Witcher),Groupe 1
6506-6.3916154,35.103172,G√©rard Depardieu,Groupe 4
75112.393252,57.601467,G√©rard Majax (illusioniste),Groupe 0
6545-9.8982725,37.208366,G√©rard Vaillant (enseignant √† l'INSA),Groupe 0
17978.683577,-1.665888,Ghost Rider ,Groupe 3
69370.31140032,36.047497,Gi√©dr√© (chanteuse),Groupe 0
2357-22.955683,-19.24653,Gilgamesh ,Groupe 3
682510.144327,-43.06528,Gimli,Groupe 1
4339-5.4313803,-8.835443,Ginrei Kuchiki ,Groupe 3
74543.3363087,9.549911,girafe,Groupe 0
7286-15.610605,20.391005,Giuseppe Verdi (compositeur romantique italien),Groupe 0
697922.787031,-28.174124,GLaDOS (jeu vid√©o Portal),Groupe 1
1458-8.103122,-7.335406,Glen Johnson ,Groupe 3
757918.801113,-37.653587,God of war (jeux vid√©o),Groupe 1
6519-34.12395,2.1019745,6519"Godefroy de Bouillon (chevalier franc premier souverain du royaume de J√©rusalem)",Groupe 0
2484-20.409893,-8.508499,Gokudera Hayato ,Groupe 3
644318.526897,-29.722324,Goldorak,Groupe 2
664120.45167,-21.172415,Gollum,Groupe 1
713114.319767,-50.300972,Gon (Hunter x hunter),Groupe 1
1056-5.048587,-7.5875463,Gonzalo Higuain ,Groupe 3
1943-4.8559613,-50.27228,Gordon Freeman ,Groupe 1
653513.891502,17.161304,Gordon Ramsay,Groupe 0
75224.539128,52.85404,7522"Gotaga (Corentin Houssein joueur de jeu video)",Groupe 0
7300-15.909829,13.46469,Gottfried Wilhelm Leibniz (polymate allemand),Groupe 0
5144-33.889645,14.954675,Grace Kelly ,Groupe 0
5570-0.39021963,25.884348,Graham Chapman ,Groupe 0
51915.86676,-56.25956,Green Arrow ,Groupe 1
504-4.360585,-6.251961,Gregory Goyle ,Groupe 3
684910.541458,-14.812654,Groot,Groupe 1
738910.097309,-14.9960575,Grosminet,Groupe 1
717716.44354,-24.1724,Grosminet (personnage de Titi),Groupe 1
618-6.4989347,-10.396602,Guigui ,Groupe 3
5886-4.0817704,2.091248,Guillaume Apollinaire ,Groupe 3
7634-5.2179494,-8.233114,Guillaume le Conqu√©rant (duc de Normandie et roi de l'Angleterre),Groupe 3
69754.4437723,54.905304,Guillaume Meurice (chroniqueur radio),Groupe 0
6778-32.7657,13.190646,Gustave Eiffel,Groupe 0
675213.840371,-49.544376,Guts (Berserk),Groupe 1
7477-36.796494,12.040674,Guy Ligier International de Rugby patron d'√©curie de sport auto constructeur automobile,Groupe 0
6546-10.1507225,35.90757,Guy Nov√®s (entraineur de rugby),Groupe 0
673621.484507,-23.077742,Had√®s,Groupe 1
749715.343516,-16.59439,HAL 9000 (ordinateur 2001 Odys√©e de l'Espace),Groupe 1
71225.3995466,-50.374485,Han Solo (star wars),Groupe 1
746220.48782,-32.042545,Hannibal Lecter,Groupe 1
436917.47303,-25.296785,Happy ,Groupe 1
726310.051052,46.510307,Haroun (humoriste),Groupe 0
661427.719812,5.5431495,Harrison Ford,Groupe 0
72469.687425,-59.0686,Harry Potter (personnage de livre),Groupe 2
600-5.9166965,-8.122066,Haru Glory ,Groupe 3
758511.069623,20.755926,Haruki Murakami (auteur),Groupe 0
759119.92953,7.7509317,Harvey Weinstein (producteur am√©ricain et gros cochon),Groupe 0
69106.2092767,-36.804832,Hatsune Miku (humano√Øde japonaise),Groupe 1
66732.3253524,55.311028,hayao miyazaki,Groupe 0
704113.7040415,-4.382183,HCMin,Groupe 0
7640-8.631161,-9.721669,HEHEDA,Groupe 3
7627-7.271674,-10.828419,Heidegger (philosophe du Dasein),Groupe 3
6732-10.285025,-43.302563,H√©l√®ne de Troie,Groupe 1
6985-16.198824,14.12799,Helmut Kohl (homme politique allemand),Groupe 0
6952-39.120132,12.247621,Henri IV (roi de france),Groupe 0
6490-31.84071,14.542,Henri Poincarr√© (math√©maticien fran√ßais),Groupe 4
6853-33.625973,12.2729,Henri-L√©on Lebesgue (math√©maticien),Groupe 0
6769-12.563617,17.759212,Herbert Von Karajan,Groupe 0
7446-3.1592984,-47.018036,Hercule (demi-dieu romain),Groupe 1
64294.483855,-27.837057,Hercule Poirot,Groupe 1
6880-16.86146,16.759686,Herg√© (dessinateur Tintin),Groupe 0
7024.3748636,-40.980396,Hermione Granger ,Groupe 1
75986.189147,14.256078,Hideo Kojima (cr√©ateur japonais de jeux vid√©os),Groupe 0
671815.457525,9.54339,Hillary Clinton (femme politique am√©ricaine),Groupe 0
7002-7.9167285,-43.004166,Hinamori Amu (personnage principal du manga Shugo Chara),Groupe 1
64870.7219031,-29.051659,Homer Simpson,Groupe 2
69806.2527137,17.068848,Horst Seehofer (homme politique allemand),Groupe 0
69544.1953964,-49.759872,Hubert Bonnisseur de la Bath,Groupe 1
70984.911991,42.426815,hubert felix thiefaine (chanteur),Groupe 0
75208.523823,21.307404,Hubert Reeves,Groupe 0
7228-0.3352232,49.142845,HUGO P√©lussin CDC (√©tudiant INSA),Groupe 0
1350-8.496147,-12.648827,Hugo Simpson ,Groupe 3
668221.432167,-44.48611,Hulk,Groupe 1
651221.73559,-43.211346,Hulk (super h√©ros marvel),Groupe 2
299-5.4688954,-9.660589,Hyomin ,Groupe 3
63926.270838,-56.966034,Ichigo Kurosaki (manga Bleach),Groupe 1
665013.071203,-19.967987,Id√©fix,Groupe 1
3593-7.755321,-12.223006,Iggy Koopa ,Groupe 3
6896-8.01822,15.091802,Il faut sauver Willy,Groupe 0
668421.75984,-34.63446,Illidan Hurlorage,Groupe 1
74398.912721,-48.957355,Indiana Jones,Groupe 1
1754-22.955605,-19.246485,Indira Priyadarshini Gandhi ,Groupe 3
74784.2381864,-28.440498,Inspecteur Columbo (perso s√©rie tv du m√™me nom),Groupe 1
4309-13.094566,-8.007816,Ion Antonescu ,Groupe 3
72818.332224,-53.67355,Iron Man /Tony Stark (Marvel),Groupe 2
6757-8.46116,14.761867,Isaac Asimov,Groupe 0
6405-20.665018,21.640268,Isaac Newton,Groupe 4
6593-11.761995,34.995724,Isabelle,Groupe 0
7488-3.5603523,40.478134,Isabelle Adjani (actrice fran√ßaise),Groupe 0
430-4.908694,-6.921729,Itay Sheshter ,Groupe 3
904-23.098745,-12.610718,Ivan Ezequiel Lavezzi ,Groupe 3
7552-15.843422,40.88868,Ivan Hinault (cycliste fran√ßais),Groupe 0
6375-9.64976,53.7075,Ivan Leplumey (enseignant INSA Rennes),Groupe 4
3866-4.961867,-9.336624,Ivan Vanko (film: Iron Man),Groupe 3
738517.530844,-42.463192,Izuku Midoriya (h√©ros shonen),Groupe 1
670821.69483,-12.347569,Izuna,Groupe 1
3647-4.612025,-8.497046,J.P. Perkins ,Groupe 3
7105-22.762583,16.70561,J.R.R Tolkien,Groupe 0
1111-7.2645893,4.2319016,Jabba le Hutt	 ,Groupe 3
7037-4.7799406,-50.22343,Jack Bioshock,Groupe 1
69116.2853417,-41.145367,Jack Frost (L√©gende am√©ricaine),Groupe 1
652228.352179,9.4067955,Jack Nicholson (acteur am√©ricain),Groupe 0
6547-3.584482,-44.62404,Jack Sparrow,Groupe 1
744925.67078,5.997563,Jackie Chan (acteur chinois),Groupe 0
68432.4364898,2.1660357,jacques ANTILLE,Groupe 0
7510-15.910704,19.676098,Jacques Brel (chanteur),Groupe 0
65725.647715,57.156025,Jacques Cheminade,Groupe 0
65234.6850004,61.920895,Jacques Chirac,Groupe 4
6809-11.380347,37.110622,jacques laffite,Groupe 0
7501-35.748352,10.266015,Jacques Martin (animateur tv fran√ßais),Groupe 0
71913.8997176,-35.699417,Jacquouille la fripouille (film Les visiteurs),Groupe 1
571117.674395,-53.221996,Jaime Lannister ,Groupe 1
6904-8.741837,-34.46566,Jake Peralta (personnage de Brooklyn Nine Nine),Groupe 1
6750-1.9180758,57.62302,Jamal Benhlal (enseignant INSA),Groupe 4
7214-4.1597095,56.65394,JAMAL LE POTO DE TITOUAN,Groupe 0
5244-0.3595055,28.936237,Jamel Debbouze ,Groupe 0
6681-4.2842784,-41.839985,James Adams,Groupe 1
742111.549573,18.105162,James Blunt (musicien brittanique),Groupe 0
64206.592273,-54.54967,James Bond,Groupe 2
468-3.6366293,5.728213,James Potter ,Groupe 3
67064.4761825,45.632572,Jamie (c'est pas sorcier),Groupe 0
6685-21.970644,16.078918,Jane Austen,Groupe 0
6803-9.108357,-42.430527,Jane Eyre,Groupe 1
5961-11.259176,-10.851627,Jango Fett ,Groupe 3
751319.372229,-14.612659,Janna (League of Legends),Groupe 1
710-11.259176,-10.851627,Jappeloup de Luze ,Groupe 3
6459-1.9726317,-34.460384,Jasmine,Groupe 1
7607-3.1218083,-45.741302,Jason Bourne (film action),Groupe 1
6701-4.819562,-50.591698,Jax,Groupe 1
569-11.259176,-10.851627,Jean Cassou ,Groupe 3
6944-29.62076,8.072923,6944"Jean d'Ormesson (acad√©mie fran√ßaise d√©c√©d√©)",Groupe 0
7188-29.215422,4.282314,Jean de La Fontaine,Groupe 0
6428-0.28442866,39.670364,Jean Dujardin,Groupe 4
5018-11.259176,-10.851627,Jean Havoc ,Groupe 3
7616-11.259176,-10.851627,Jean Lassalle,Groupe 3
6822-11.544525,36.543865,Jean Le Cam ()[Dnavigateur),Groupe 0
72413.2015953,56.246426,Jean Luc Reichmann,Groupe 0
68646.3463726,58.64193,Jean Marc Ayrault,Groupe 0
6888-0.07407399,54.51707,Jean Messiha (√©narque et docteur en sciences √©conomiques),Groupe 0
6796-32.250427,9.758456,Jean Moulin,Groupe 0
7100-16.33615,17.081247,Jean Paul 2,Groupe 0
72224.7715516,58.074883,JEAN PAUL VIRAPOULLE (MAIRE DU 440),Groupe 0
6792-33.986393,12.273813,Jean Perrin,Groupe 0
6863-11.491438,37.37711,Jean Pierre Rives,Groupe 0
6841-29.433643,10.004659,Jean Racine (dramaturge fran√ßais),Groupe 4
6751-13.442572,11.762358,Jean S√©bastien Bach,Groupe 0
4383-13.324936,-6.5315213,Jean XXIII ,Groupe 3
6763-29.769014,8.414153,Jean-Christophe Victor,Groupe 0
7982.823762,3.983265,Jean-Claude Fran√ßois ,Groupe 3
3594-11.259176,-10.851627,Jean-Claude Pascal ,Groupe 3
643529.750944,9.7164545,Jean-Claude Van Damme,Groupe 4
67281.4368949,51.772022,Jean-David ,Groupe 0
7404-35.309925,13.209759,Jean-Fran√ßois Champollion (√©gyptologue fran√ßais),Groupe 0
67832.093596,40.398624,Jean-Jacques Goldman (chanteur fran√ßais),Groupe 0
7157-29.219269,6.101374,Jean-Jacques Rousseau,Groupe 0
7384-10.7686,37.569202,Jean-Louis Gasset (entraineur foot),Groupe 0
7235-5.0395308,54.666393,Jean-Louis Merrien (Professeur de Maths),Groupe 0
1310-11.259176,-10.851627,Jean-Luc Bret ,Groupe 3
9936.1137705,59.674248,Jean-Luc M√©lenchon ,Groupe 4
75553.6091409,3.1135893,Jean-Luc Picard (Star Trek),Groupe 1
66570.45273083,56.033737,Jean-Marc Jancu (enseignant INSA),Groupe 0
7589-0.13417609,42.58727,Jean-Marie Bigard (humoriste fran√ßais),Groupe 0
64917.8612595,60.998745,Jean-Marie Le Pen,Groupe 4
7448-35.99338,10.23579,jean-Paul Belmondo,Groupe 0
2276-11.259176,-10.851627,Jean-Paul Rouland ,Groupe 3
7574-28.126339,4.6172094,Jean-Paul Sartre (philosophe fran√ßais),Groupe 0
6455-8.591255,34.77493,Jean-Philippe Durand,Groupe 4
7004-33.65944,9.858161,Jean-Pierre Coffe (animateur gastronome),Groupe 0
75182.9786456,56.760853,Jean-Pierre Pernault,Groupe 0
6494-32.649452,11.338013,Jeanne d'Arc,Groupe 0
3698-11.259176,-10.851627,Jeanne Hachette ,Groupe 3
15566.314453,-22.965052,Jebediah Kerman ,Groupe 1
42108.683623,-1.6659268,Jebediah Springfield ,Groupe 3
671627.763983,18.357924,Jennifer Lawrence (actrice principale de Hunger Games),Groupe 0
1182-11.259176,-10.851627,Jennifer Morrison ,Groupe 3
7140-5.795852,55.73344,Jerome Trochon(professeur de math√©matiques),Groupe 0
696215.949701,-25.804869,Jerry,Groupe 1
65083.9912448,4.6530805,Jessica Alba (actrice am√©ricaine)),Groupe 0
6918-6.7484417,-32.483284,Jessica Day (personnage de New Girl),Groupe 1
5096-11.259176,-10.851627,Jessica Jung ,Groupe 3
6726-16.006063,10.84669,Jesus,Groupe 0
2983-18.708885,12.858155,J√©sus Christ ,Groupe 0
6416-0.46686715,25.573593,Jet Li,Groupe 0
1595-11.259176,-10.851627,Jiemma  ,Groupe 3
72177.6721706,-35.747833,Jill (Va-11 Hall-a),Groupe 1
660527.542162,6.8867354,Jim Carrey,Groupe 0
6509-5.97956,15.08586,Jimi Hendrix,Groupe 0
4778-10.470808,-6.1580296,Jimmy de Santa ,Groupe 3
688714.205114,13.258358,Jimmy Page (guitariste de Led Zeppelin),Groupe 0
4749-7.2645893,4.2319016,Jimmy Pegorino  ,Groupe 3
647613.804651,-37.108368,Jinx,Groupe 1
712712.405737,20.031866,JK Rowling,Groupe 0
694711.562003,18.005415,JK Rowling (auteure de Harry Potter),Groupe 0
7465-16.355253,41.499653,Jocelyn Gourvennec (footballeur fran√ßais),Groupe 0
7602-15.122054,17.95577,Joconde (Mona Lisa),Groupe 0
6637-19.342295,39.209335,Joe Wilfreid Tsonga,Groupe 4
3322-10.158805,-14.005014,Jo√´l Barillet ,Groupe 3
7084-3.7489924,-33.381214,Joey (friends),Groupe 1
1351-12.616736,-4.373468,Joffrey Baratheon ,Groupe 3
6080-11.259176,-10.851627,Johann Bois ,Groupe 3
7457-15.472319,16.259691,Johannes Kepler (astronome),Groupe 0
708824.48982,6.2478724,John Cena (Catcheur),Groupe 0
44091.9686196,4.146865,John Coffey ,Groupe 3
6974-8.218463,13.917391,John Fitzgerald Kennedy (pr√©sident am√©ricain dit JFK),Groupe 0
6557-23.934647,18.739176,John Lennon,Groupe 0
7474-11.625255,-30.12786,John Locke (s√©rie TV: Lost),Groupe 1
649625.370543,-35.815884,John Rambo,Groupe 1
7334-15.63176,-30.379034,John Watson,Groupe 1
5955-11.259176,-10.851627,Johnny Ace ,Groupe 3
662329.820074,5.724061,Johnny Depp,Groupe 0
6687-31.067158,16.331238,Johnny Halliday,Groupe 2
7428-40.626087,10.67906,Johnny Halliday (musicien),Groupe 0
727025.902967,3.2135007,Johnny Sins (acteur pornographique),Groupe 0
7212-14.718457,-30.984259,JOJO (personnage de s√©rie JOJO Bizarre adventure),Groupe 1
641819.895674,-38.44188,Joker,Groupe 1
7568-5.428056,-49.51129,Joker (Persona 5),Groupe 1
69172.9412696,-53.475586,Jon Snow  (personnage de Game of thrones),Groupe 2
727217.670294,-42.50641,Jonathan Joestar (perso de manga),Groupe 1
684019.927847,21.372087,JONNY WILKINSON,Groupe 0
2890-7.0511312,-4.3676634,Jordan Amavi ,Groupe 3
984-7.0511312,-4.3676634,Jos√© Mujica ,Groupe 3
7208-13.601094,16.935627,Joseph Goebbels (dirigeant nazi),Groupe 0
7306-1.8393021,-46.050045,Joseph Joestar (personnage Manga),Groupe 1
6504-12.5324955,14.49289,Joseph Staline,Groupe 4
7494-6.4639344,-33.936993,Jos√©phine (s√©rie TV: Jos√©phine Ange Gardien),Groupe 1
6387-6.346664,52.869274,Josiane Villory,Groupe 0
67660.8101806,52.017998,Josselin Stark (√©tudiant INSA),Groupe 0
7633-7.0511312,-4.3676634,Joueur du Grenier (youtuber),Groupe 3
742723.212202,12.260825,Joyce Carol Oates (romanci√®re am√©ricaine),Groupe 0
7061-5.1775455,44.63927,Joyce Jonathan,Groupe 0
3661-7.0511312,-4.3676634,Jubia Lokser ,Groupe 3
70659.545264,37.39626,Jul (rappeur),Groupe 0
1185-18.95884,19.799675,Jules Cesar ,Groupe 4
7198-29.149265,6.167971,Jules Verne (√©crivain),Groupe 0
114-7.0511312,-4.3676634,Julien Brellier ,Groupe 3
68615.9088697,38.919247,Julien Dor√© (chanteur),Groupe 0
656412.939471,26.630083,Julien Lepers,Groupe 0
7618-14.611652,-4.9857073,Julien St√©phen (entraineur de football),Groupe 3
2387-7.0511312,-4.3676634,Juliet ,Groupe 3
75-7.0511312,-4.3676634,Julio (Le Grand H√¥tel) ,Groupe 3
677316.830284,-39.835606,Jupiter (Zeus romain),Groupe 1
657418.063671,12.071295,Justin Bieber,Groupe 0
739210.32786,39.707977,Kaaris (rappeur),Groupe 0
758-7.0511312,-4.3676634,Kaguya ?tsutsuki ,Groupe 3
6474-23.752495,41.966446,Karim Benzema (footballeur),Groupe 4
7297-15.954979,13.473988,Karl Marx,Groupe 0
7242-15.835428,15.915766,Karl Weierstrass (math√©maticien allemand du 19√®me sci√®cle),Groupe 0
670011.984169,-48.770634,Katniss Everdeen,Groupe 1
717-7.0511312,-4.3676634,Katsumi ,Groupe 3
62404.5432024,-17.547697,Katsura Kotonoha ,Groupe 3
678721.216871,17.813864,Kawhi leonard ( basketeur americain ),Groupe 0
2327-7.2646194,4.2318892,Kayako Saeki / The Grudge ,Groupe 3
711210.289372,19.292034,Keith Urban (chanteur),Groupe 0
669-7.0511312,-4.3676634,Kelly Groucutt ,Groupe 3
7573-1.2586726,-32.996773,Ken (Barbie),Groupe 1
74226.7190876,13.289889,Ken Block (pilote am√©ricain),Groupe 0
6516-3.7464685,-43.439133,Ken le survivant (manga),Groupe 1
66034.839805,37.58908,Kendji Girac,Groupe 0
656216.407705,13.44653,Kendrick Lamar,Groupe 0
740912.615936,-17.943949,Kermit (marionette du muppet Show),Groupe 1
67944.6946006,47.833614,Kev Adams,Groupe 0
735927.148129,7.737884,Kevin Costner (acteur am√©ricain),Groupe 0
7332-16.572145,43.769974,Kevin Mayer (d√©cathlon),Groupe 0
689827.383778,8.436531,Kevin Spacey (acteur am√©ricain),Groupe 0
643620.627161,-37.4014,Keyser Soze,Groupe 1
7587-21.369123,43.989223,Khaled Mesbah (footballer Algerien),Groupe 0
2257-14.611652,-4.9857073,Kiba Inuzuka ,Groupe 3
5324-4.275998,-4.4916363,Kick-Ass ,Groupe 3
7566-14.996544,18.94058,Kim Hyun-ah (chanteuse Cor√©enne),Groupe 0
76115.8356357,14.707324,Kim jong un,Groupe 0
23885.42113,17.615257,Kim Jong-un ,Groupe 0
2422-16.576982,-6.384487,Kim Sung Kyu ,Groupe 3
71509.284527,13.327083,Kim Tae-hyung (chanteur sud-cor√©en),Groupe 0
723721.144222,-28.342224,King K. Rool (Donkey Kong Country),Groupe 1
7400-0.30833194,-32.89445,Kira (death note),Groupe 1
701211.078428,-10.935787,Kirby,Groupe 1
723213.822566,-29.010736,Kirby (personnage de jeu vid√©o),Groupe 1
664017.212175,-19.384329,Kirikou,Groupe 1
7512-3.8460956,-48.270454,Kirito (SAO),Groupe 1
72796.8163924,-44.339226,Kirua (du manga Hunter x Hunter,Groupe 1
3377-4.275998,-4.4916363,Kiwi ,Groupe 3
5828-16.624626,-8.513351,Kjarl (dofus) ,Groupe 3
657518.255095,18.161522,Kobe Bryant (Basketteur Proffesionel),Groupe 0
4930-10.470808,-6.1580296,Koishi Shidou ,Groupe 3
809-10.470808,-6.1580296,Konstantin Oustinovitch Tchernenko ,Groupe 3
248018.492847,-18.26577,Koro-sensei ,Groupe 1
106-10.470808,-6.1580296,Krystal Wallas,Groupe 3
2216-10.470808,-6.1580296,Kuragari Uroshima ,Groupe 3
7159-9.677911,10.51482,Kurt Cobain,Groupe 0
66137.677681,-40.72611,6613"Kvothe personnage principal des chroniques du tueur de roi",Groupe 1
6897-23.785961,43.01077,Kylian Mbapp√© (joueur de foot),Groupe 4
70485.848374,-45.828606,Kylo Ren (perso de star wars),Groupe 1
141-10.470808,-6.1580296,Kyurem ,Groupe 3
7147-2.5322561,-35.05122,L,Groupe 1
703221.113163,-15.902357,L (personnage de Death Note),Groupe 1
7129-3.449319,-30.74233,L'arbitre des tournois dans dragonball,Groupe 1
6617-10.470808,-6.1580296,L'homme invisible,Groupe 3
6895-10.470808,-6.1580296,L'homme qui passe,Groupe 3
755818.137453,-19.225645,L'≈íil glauque (Mascotte de festival),Groupe 1
1130-10.470808,-6.1580296,la copine de neymar ,Groupe 3
3887-10.470808,-6.1580296,La cr√©ature de Frankenstein ,Groupe 3
29545.850723,-35.564945,La f√©e clochette ,Groupe 1
1236-10.470808,-6.1580296,la femme de leonidas ,Groupe 3
3489-15.934249,-10.795241,La Fenetre De Ma Chambre  ,Groupe 3
1134-15.934249,-10.795241,La fourmi ,Groupe 3
1055-14.841454,-7.4762125,La Licorne ,Groupe 3
719013.0659075,-16.10437,La linea (Personnage de vieux dessin anim√©),Groupe 1
73112.5191574,-36.886574,La m√©chante sorci√®re de l'Ouest (personnage du  Magicien d'Oz),Groupe 1
92512.109985,-19.19507,La Panth√®re rose (perso dessin anim√©),Groupe 1
513-11.259176,-10.851627,La reine de Saba ,Groupe 3
644511.474898,-34.786404,La reine des neiges,Groupe 1
749820.75637,-14.526839,la schtroumpfette,Groupe 1
5208-11.259176,-10.851627,Lacrim ,Groupe 3
7414-20.978506,15.404252,Lady Diana,Groupe 0
98124.43978,16.080215,Lady Gaga ,Groupe 4
700621.621407,-12.494236,Ladybug h√©ro√Øne d'une s√©rie de magica girle,Groupe 1
75825.2135153,50.228058,Laink,Groupe 0
667821.541353,15.473064,Lana del Rey,Groupe 0
754818.407894,7.709464,Lance Amstrong (cycliste am√©ricain),Groupe 0
644712.407107,-33.51331,Lara Croft,Groupe 1
140-18.913898,-15.94322,Lara Fabian ,Groupe 3
6959-8.9308815,-42.100212,Larmina (film OSS 117),Groupe 1
6258-7.859122,4.887936,Laura Ingalls ,Groupe 3
6407-22.561995,38.520683,Laure Manaudou,Groupe 4
7636-11.259176,-10.851627,Laure Mesa (El√®ve INSA Rennes),Groupe 3
68156.8016915,58.321648,laurent Fabius,Groupe 0
1022-11.259176,-10.851627,Laurent Jalabert ,Groupe 3
73793.4262702,57.297466,Laurent Ruquier,Groupe 0
70855.340445,58.52876,Laurent Wauquiez,Groupe 0
39773.7989383,-0.12861514,Le Bibendum Michelin ,Groupe 3
4120-14.499245,-9.216884,Le Commandant Shepard ,Groupe 3
252813.51193,-9.826278,Le commissaire Navarro ,Groupe 1
7629-11.259176,-10.851627,Le Dasein (concept philosophique Heidegerien),Groupe 3
13814.5752177,-27.707047,Le Docteur ,Groupe 1
69300.35866797,-35.48445,Le docteur (personnage de Doctor Who),Groupe 1
5271-11.259176,-10.851627,Le Fauve ,Groupe 3
3121-11.259176,-10.851627,Le foldingot (oksa pollock) ,Groupe 3
6500-2.7240965,-28.583473,Le grand schtroumpf,Groupe 1
4832-11.259176,-10.851627,Le Loup ,Groupe 3
18610.763194,-19.488209,Le Marsupilami ,Groupe 1
7264-7.8236413,-10.301879,Le mec ind√©cis,Groupe 3
425-7.1564,-9.258898,Le N√©ant ,Groupe 3
712610.156264,21.726677,Le Pape,Groupe 0
311-2.8875985,5.706532,Le petit Gr√©gory ,Groupe 3
4846-6.3326344,-21.246786,Le Proph√®te Mohammed ,Groupe 3
2933-0.15174393,-5.9343953,Le quatri√®me Hokage ,Groupe 3
73540.20066006,2.7877822,Le roi Arthur,Groupe 1
712410.649417,-25.932178,Le soleil des T√©l√©tubbies,Groupe 1
2871-0.33469614,-8.234477,Le telephone dans toy story 3 ,Groupe 3
737418.107761,-34.22611,LeBlanc (personnage du jeu League of Legends),Groupe 1
323523.222172,20.093079,LeBron James ,Groupe 4
654316.59683,23.390766,Lee "Faker" Sang-hyeok,Groupe 0
699415.6396675,-41.76925,Lee Sin (League Of Legends),Groupe 1
7619-0.76829666,-7.135576,Lefa (rappeur),Groupe 3
71384.8115697,-46.481216,Lelouch (Code Geass),Groupe 1
6452-23.682127,19.522152,Lemmy Kilmister,Groupe 0
69354.6808,51.785927,6935"L√©o Grasset (YouTuber Dirty Biology)",Groupe 0
7276-31.681332,8.035753,L√©on Blum (homme politique fran√ßais),Groupe 0
6958-18.837343,17.943216,L√©onard de Vinci,Groupe 0
6842-17.845474,17.393337,L√©onard Euler,Groupe 0
709528.659575,4.374846,L√©onardo Di Caprio,Groupe 0
696716.964266,-2.8763833,Leopold II de Belgique,Groupe 0
73233.887381,46.08939,les Fr√©rots (groupe de musique),Groupe 0
2726-0.017763998,-2.8802357,les jumelle olson ,Groupe 3
676420.806847,23.724613,Lewis Hamilton,Groupe 0
756311.3946495,18.843779,Liam Gallagher (chanteur),Groupe 0
331413.660564,-11.342216,Libellule ,Groupe 3
658816.998028,-26.411753,Licorne,Groupe 1
30504.395518,-35.818733,Liesel Meminger ,Groupe 1
7160-6.3468933,-46.654686,Lightning,Groupe 1
749218.370434,12.942703,Lil Pump (rappeur am√©ricain),Groupe 0
685110.878426,-55.785084,Link (The legend of Zelda),Groupe 2
659110.510459,41.991642,Lino,Groupe 0
7260-35.741234,10.159369,Lino Ventura (acteur fran√ßais),Groupe 0
655122.521235,14.166818,Linus Torvalds,Groupe 0
286517.921862,27.641106,Lionel Messi ,Groupe 4
3482-0.3968092,-4.4381537,Logan Evans ,Groupe 3
1603-1.5749283,-6.2135353,Logan Walker ,Groupe 3
731718.185345,12.893904,Logic (rappeur),Groupe 0
6932-6.582419,56.22181,Lo√Øc Herv√© (professeur √† l'INSA),Groupe 0
6871-11.334862,36.638653,Loic Peyron (navigateur),Groupe 0
70408.626494,39.119434,7040"Lomepal (Antoine Valentinelli rappeur)",Groupe 0
81126.838564,-33.0521,Lord Voldemort ,Groupe 1
667110.540083,38.813065,Lorenzo,Groupe 0
7554-8.476574,17.073582,Lorraine Warren (D√©monologue),Groupe 0
3967-4.2748327,-21.200178,Loto ,Groupe 3
691512.147751,-39.266914,Lotus (Warframe),Groupe 1
651328.944397,13.589934,Lou Ferrigno (acteur du Hulk),Groupe 0
6920-6.500513,14.47787,Louis Armstrong (jazzman am√©ricain),Groupe 0
6434-31.393059,15.671833,Louis de Fun√®s,Groupe 4
6515-37.448147,16.327267,Louis IX (saint-Louis),Groupe 0
6886-37.598564,14.533082,Louis Nicollin (pr√©sident du club foot Montpellier),Groupe 0
6554-32.296207,13.61375,Louis Pasteur,Groupe 4
6426-33.12863,19.07316,Louis XIV,Groupe 4
1125-34.096577,18.144962,Louis XVI,Groupe 4
7371-17.684002,43.620182,Luc Abalo (joueur de hand fran√ßais),Groupe 0
71532.6019797,55.67674,Luc Besson,Groupe 0
75365.0149393,49.98527,Lucas Hauchard (Squeezie),Groupe 0
7343-17.68279,43.45213,Lucie Decosse (Judokate),Groupe 0
254512.029349,-46.41848,Lucifer ,Groupe 1
71135.7728534,-47.026752,Lucky Luke (personnage de BD),Groupe 1
6585-14.98834,21.305492,Ludwig Van Bethoven,Groupe 0
731614.49286,-53.976612,Luffy (Personnage de One Piece),Groupe 2
7419-3.637755,-52.58587,Luigi (Mario),Groupe 1
6502-0.76341116,-50.99934,Luke Skywalker,Groupe 2
67496.330621,-41.998486,Luna Lovegood,Groupe 1
1171-1.2963251,-1.7781135,Lust ,Groupe 3
735510.459319,-37.614708,Lydia (personnage de Skyrim),Groupe 1
6590-10.144604,53.255756,M'hamed Drissy (Directeur de l'INSA de Rennes),Groupe 2
7071-4.1499133,57.39167,M. Le Russet (agent de s√©curit√©),Groupe 0
1339-4.9403286,46.86636,Ma Grande  Soeur ,Groupe 0
6377-8.127293,45.124866,Ma maman,Groupe 4
6622-4.196394,5.8047533,Mace Windu,Groupe 1
76-1.6026795,-5.027348,Madame de Montespan ,Groupe 3
2283-1.5731895,-3.4296138,Mademoiselle Jeanne ,Groupe 3
810-4.554492,-2.812545,Madison Alamia ,Groupe 3
679722.938267,10.978009,madonna,Groupe 4
7375-1.8364286,48.64944,Mael Hamon (√©tudiant INSA),Groupe 0
7280-4.8957205,-31.302422,Maggie Simpson,Groupe 1
29198.938916,-14.307093,Magicarpe ,Groupe 1
4679-2.9764905,-2.3971152,Magna Charge ,Groupe 3
7584-3.4767013,39.32013,Ma√Øt√© (chef cuisinier),Groupe 0
74529.252596,13.541267,Malala Yousafzai (militante pakistanaise des droits des femmes),Groupe 0
7351-4.78986,-33.922012,Malcolm(personnage de Malcom),Groupe 1
69999.110602,-48.630524,Malicia (X-men),Groupe 1
69829.574994,5.4400964,Manuel Neuer (gardien de foot allemand),Groupe 0
64922.4635313,38.50931,Manuel Valls,Groupe 0
7561-14.418142,18.563663,mao ts√© toung le bro,Groupe 0
6607-11.859457,13.660859,Mao Zedong,Groupe 0
509-2.7139046,-0.6476485,Maradona ,Groupe 3
6566-31.415,24.284279,Marc Briane (professeur INSA),Groupe 2
68321.4600897,57.12581,Marc L√©vy (√©crivain),Groupe 0
738217.004383,7.1241617,Marc Zuckenberg (cr√©ateur de facebook),Groupe 0
6532-37.88393,14.529223,Marcel Cerdan (boxeur),Groupe 0
7441-29.147203,4.4922485,Marcel Proust (ecrivain),Groupe 0
4669-4.2730722,-1.2717329,Marco Bodt ,Groupe 3
3500-2.8668892,-3.8391585,Marco Di Vaio ,Groupe 3
701810.504084,19.844427,Marco Hietala (bassiste Nightwish),Groupe 0
2666-33.86352,8.260657,Mar√©chal P√©tain ,Groupe 0
2111-11.186895,2.4762104,Margaery Tyrell ,Groupe 3
1345-5.943168,-1.7327665,Margaret Hale ,Groupe 3
67806.72921,19.275091,Margaret tatcher,Groupe 0
7283-4.9127703,-30.798237,Marge Simpson,Groupe 1
663914.752885,23.863626,Maria Sharapova,Groupe 0
7458-28.46752,0.39036575,Marie Antoinette (reine de France),Groupe 0
7541-13.859457,42.515022,Marie Babel (enseignante INSA),Groupe 0
7238-28.833864,15.224645,Marie Curie (scientifique franco-polonaise),Groupe 4
6702-9.887844,-41.69837,Marie Poppins,Groupe 1
12632.8237534,3.9832625,Marie-France Pisier ,Groupe 3
5165-2.8237684,-5.239402,Marie-Mai ,Groupe 3
6899-6.0142636,45.071358,Marina Kaye (chanteuse),Groupe 0
3961-9.043499,-1.512373,Marine Delterme ,Groupe 3
6501-5.9976773,38.66797,Marine Le Pen,Groupe 4
68028.987658,7.053515,Mario Balotelli (footballeur italien),Groupe 0
69699.7930355,-58.95473,Mario Bros (perso jeux vid√©o),Groupe 2
755918.906021,7.217038,Marion Jones (athl√®te am√©ricaine),Groupe 0
702226.430206,4.481358,Mark Hamill (Acteur de Luke Skywalker),Groupe 0
60748.6241045,-11.598709,Marla Sokoloff ,Groupe 3
67710.8523699,49.957783,martfrein,Groupe 0
7072-17.081186,40.169743,Martin Fourcade,Groupe 4
6472-8.386217,18.681374,Martin Luther King,Groupe 4
4805-7.4584446,-1.107265,Martin Mystere ,Groupe 3
5627-2.6399372,-32.26118,marty mc fly ,Groupe 1
712812.327906,-26.650549,Marvin (H2G2),Groupe 1
705025.976772,-32.832603,Marvin le Martien (looney toons),Groupe 1
6801-5.831869,16.474024,marylin monroe,Groupe 0
7318-2.0498326,48.182255,Mathis Roisin (√©tudiant INSA),Groupe 0
754326.636667,3.923591,Matthew Perry (acteur am√©ricain),Groupe 0
74155.719112,39.012,Matthieu Chedid (musicien fran√ßais dit M),Groupe 0
6556-0.6702205,-31.769697,Max Black (personnage de la s√©rie: 2 broke Girls),Groupe 1
7544-17.060686,15.370659,Max Planck (physicien allemand),Groupe 0
748712.521602,-18.248678,Maya l'abeille,Groupe 1
69498.946865,39.23686,McFly,Groupe 0
66644.8858004,-17.74701,M√©duse,Groupe 1
4751-13.264753,-2.4511528,Megpoid Gumi ,Groupe 3
6987-7.4141183,-33.460506,meredith grey (personnage grey's anatomy),Groupe 1
6877-2.3068802,-39.150177,merlin,Groupe 1
2163-10.863944,-0.8113665,Mesut √ñzil ,Groupe 3
71999.465563,11.994789,Mia Khalifa,Groupe 0
5575-13.082094,-14.312632,Miasmax ,Groupe 3
1842-23.020292,21.856663,Michael Jackson ,Groupe 2
14223.472893,22.507284,Michael Jordan	 ,Groupe 4
668617.006578,23.331312,Michael schumacher,Groupe 0
6779-13.428007,16.584738,Michael Wittman,Groupe 0
6826-25.20861,9.97044,Michel Berger (musicien fran√ßais),Groupe 0
7425-1.2276084,41.59375,Michel Blanc (acteur fran√ßais),Groupe 0
75868.298681,21.204145,Michel MAYOR (Astrophysicien Suisse),Groupe 0
6868-9.9291935,39.13063,Michel Platini (footballeur fran√ßais),Groupe 4
68462.5165298,40.881344,Michel Sardou (chanteur),Groupe 0
686915.860373,25.05829,Mick Fanning (surfeur Australien),Groupe 0
6584-15.186832,37.31723,Micka√´l Landreau,Groupe 0
5515-15.026902,-17.427782,Micka√´l Rossignol ,Groupe 3
754-0.5207433,-27.821833,Mickey Mouse ,Groupe 2
643816.837212,20.298763,Mike Oldfield,Groupe 0
762-9.718426,-3.0017567,Mike Rutherford ,Groupe 3
665614.1775465,-19.250229,Milou,Groupe 1
739315.074323,-23.47517,Milou (chien de tintin),Groupe 1
6784-14.516697,12.474796,Miltiade,Groupe 0
6589-3.9333417,38.429707,mimi mathy,Groupe 4
696010.1803,-43.47603,Minerva McGonagall (perso de Harry Potter),Groupe 1
4527.17256,-35.79288,Minnie ,Groupe 1
7643-16.705338,-13.190816,Mirage (Character de Apex Legends),Groupe 3
487-11.359365,-2.633574,Misao Makimachi ,Groupe 3
7079-5.233511,44.692608,Miss France,Groupe 0
75758.558252,42.311584,Mister V (youtuber/rapeur),Groupe 0
2593-13.307329,-16.085535,Mistral ,Groupe 3
662512.860392,17.135086,Miyazaki,Groupe 0
729619.932482,22.558475,Mo Farah (coureur de fond anglais),Groupe 0
1599-20.410282,-8.5084915,Moby Dick ,Groupe 3
2485-12.78992,-18.081964,Modrdeca√Ø (jeu vid√©o Borderland),Groupe 3
20994.7774835,21.615305,Mohamed V ,Groupe 0
70595.0249214,21.519144,Mohammed 6,Groupe 0
6389-9.4957695,54.835552,Moi,Groupe 2
7365-17.610237,44.774605,Moi-m√™me,Groupe 0
7521-16.042551,17.986115,Mo√Øse (proph√®te juif),Groupe 0
7156-31.397863,4.490679,Moli√®re,Groupe 0
7087-2.0474014,49.56857,Mon ami,Groupe 0
7338-15.929155,45.636837,mon binome,Groupe 0
7370-3.5669577,46.027187,Mon chat,Groupe 0
1024-1.1078737,47.000534,Mon Fr√®re ,Groupe 0
71941.5042791,46.972065,Mon Mari,Groupe 0
6624-1.0889122,58.87588,Mon p√®re,Groupe 4
5689-15.200939,-15.198061,Mon R√©veil ,Groupe 3
652928.226465,10.348997,Monica Bellucci,Groupe 0
287-14.614362,-13.212674,Monique Coleman ,Groupe 3
673114.750728,-8.1694145,Monk,Groupe 0
654414.63187,-54.44744,Monkey D. Luffy (manga one piece),Groupe 2
696821.487484,-26.41546,Monokuma (ours m√©canique manga japonais Danganronpa),Groupe 1
6611.154787,-25.664516,Monsieur Non,Groupe 1
6514.105852,2.1763422,Monsieur Oui,Groupe 0
7426-11.302939,8.6682625,Montgomery,Groupe 0
734827.208769,7.84235,Morgan Freeman (acteur am√©ricain),Groupe 0
70532.8849418,-45.951958,Moriarty (ennemi de sherlock Holmes),Groupe 1
4497-10.066844,-15.69948,Morty ,Groupe 3
71705.7870336,16.803984,moudi,Groupe 0
1957-10.852564,-18.028416,Mouk ,Groupe 3
6527-5.4987717,-35.775543,Mr Bean,Groupe 1
7277-2.235056,-30.354038,Mr Burns,Groupe 1
2704-11.503372,-14.818471,Mr Kinder Surprise ,Groupe 3
7447-15.516463,45.866253,Mr. Cogan,Groupe 0
6636-11.850861,12.527565,Mr.Kalashnikov,Groupe 0
73837.501356,-22.695238,Mr.Propre (personnage de publicit√©),Groupe 1
719218.001797,-48.25776,M√ª (manga: Saint Seiya) ,Groupe 1
1763-11.529968,-16.473373,Myron Bolitar ,Groupe 3
40932.717699,-39.93146,Myst√©rion ,Groupe 1
72346.4154725,41.539738,Naaman (chanteur),Groupe 0
6606-0.016359534,35.433704,Nabilla,Groupe 4
70449.479691,9.169408,Nairo Alexander Quintana Rojas (cycliste colombien),Groupe 0
75164.7293897,-43.581173,Nanatsu (Made in abyss),Groupe 1
2630-32.08216,20.181015,Napoleon Bonaparte ,Groupe 2
4818-35.765015,9.806212,Napol√©on III ,Groupe 0
5147.2867937,-56.88797,Naruto ,Groupe 2
7549-2.252941,39.34469,Nathalie Kosciusko-Morizet,Groupe 0
7346-5.7531753,-50.77207,Nathan drake (Personnage principal de la s√©rie de jeu "Uncharted"),Groupe 1
7546-2.6549745,47.61672,7546"Nathan Lemaire (√©tudiant INSA: le meilleur il parait on ne sait pas en quoi)",Groupe 0
676717.560814,-47.37673,Natsu (Fairy Tail),Groupe 1
490017.813557,-53.398983,Ned Stark ,Groupe 1
6922-6.750273,17.337889,Neil Armstrong (astronaute am√©ricain),Groupe 0
66836.995543,40.078133,Nekfeu,Groupe 0
6906-18.624844,15.995692,Nelson Mandela,Groupe 0
6892-12.508284,36.608437,Nelson Monfort,Groupe 0
7168-14.597308,0.21351577,Nemesis( d√©esse grecque de la vengeance),Groupe 1
73037.0759377,-47.79913,N√©o (The Matrix),Groupe 1
665517.182505,-1.8576816,N√©ron,Groupe 0
68119.868102,-48.555717,Neville Londubat,Groupe 1
689017.046316,27.932486,Neymar da Silva Santos J√∫nior (joueur de foot),Groupe 0
222-8.692222,-14.643906,Nibi / Matatabi ,Groupe 3
3469-10.84911,-19.773487,Nico Robin ,Groupe 3
7639-9.068471,-17.265438,Nicolas Bertru (professeur d'√©lectricit√© INSA Rennes),Groupe 3
7102-0.00055222306,42.66462,Nicolas Canteloup,Groupe 0
7369-16.045858,18.586298,Nicolas Copernic,Groupe 0
6615-0.0840771,50.748665,Nicolas Cormerais,Groupe 0
74304.5733027,59.662582,Nicolas Hulot,Groupe 0
7622-7.8749056,-16.105999,Nicolas Hussenot (professeur math√©matiques),Groupe 3
61-6.0133886,33.3928,Nicolas Sarkozy,Groupe 4
67888.09165,18.702078,Niels Bohr,Groupe 0
7324-16.845488,14.606707,Nietzsche (philosophe allemand),Groupe 0
2428-9.068471,-17.265438,Niki Lauda ,Groupe 3
6415-20.754747,21.37026,Nikola Tesla,Groupe 0
6568-20.920803,39.170704,Nikolas Karabatic,Groupe 4
67421.7265912,59.40132,Nikos ,Groupe 0
1474-2.4049025,-17.408278,nils bjurman ,Groupe 3
1851-14.090241,-20.446001,Nishikino Maki ,Groupe 3
653913.537593,16.676296,Nobuo Uematsu,Groupe 0
1786.714513,-39.526566,No√´l ,Groupe 1
6956-1.8682705,-45.24887,No√´l Flantier (film OSS117),Groupe 1
665110.516103,48.47539,No√´l Mam√®re,Groupe 0
639310.069916,-26.632841,Non,Groupe 1
720214.745795,-16.633982,Nono (Robot dans Ulysse 31),Groupe 1
65424.0255427,-47.947346,Norbert Dragonneau (Les Animaux Fantastiques),Groupe 1
70635.6625404,50.44673,Norman,Groupe 0
17260.097407654,-15.566736,Noru-Da ,Groupe 3
75908.593864,14.961376,Nour (√©tudiant √† l'insa),Groupe 0
663819.052086,24.803883,Novak Djokovic,Groupe 0
49952.4060502,-19.531626,Nuage ,Groupe 3
2581-3.4465866,-15.031676,Nungan ,Groupe 3
73900.27709585,-45.56272,Nymphadora Tonks (HP),Groupe 1
64315.882092,-52.273815,Obelix,Groupe 2
64429.622503,-55.40852,Obi-wan Kenobi,Groupe 2
59250.46953335,-17.230743,Obscur Hamster ,Groupe 3
750613.723365,-4.3862286,Oda Nobunaga (perso historique japonais),Groupe 0
74089.154218,-47.22322,Odin (dieu scandinave),Groupe 1
5811-23.756836,-11.864999,Oeil de faucon ,Groupe 3
666212.2890415,-19.749483,Oggy (dessin anim√©),Groupe 1
1391-3.6105974,-16.396425,okoto ,Groupe 3
74538.960318,-49.024323,Oksa Pollock (h√©roine de livres fantastiques),Groupe 1
214318.364319,-19.993925,Olaf (la reine des neiges),Groupe 1
6642-12.303416,-34.357136,Oliver Queen,Groupe 1
5387-4.5902953,-15.3289385,olivia oggy et les cafards ,Groupe 3
42-21.37608,-3.5694745,Olivier Atton/Oozora Tsubasa (Olive et Tom/Captain Tsubasa)  ,Groupe 3
72393.2310302,48.496994,Olivier de Carglass,Groupe 0
6592-22.522581,40.370537,Olivier Giroud,Groupe 0
65803.4039679,48.016594,omar sy,Groupe 0
16710.6154346,-19.180256,one direction Niall ,Groupe 3
66167.8832207,41.09442,Orelsan,Groupe 0
7550-21.53352,17.932243,Oscar Wilde (√©crivain),Groupe 0
648615.3329115,-11.1485405,OSIRIS,Groupe 1
7613-1.537291,-13.755472,OSS117,Groupe 3
66300.0024889826,-30.696663,Oui-oui,Groupe 1
7630-2.3051307,-15.932044,OuiOui(Ouioui),Groupe 3
6569-21.505611,40.16467,ousmane dembele,Groupe 0
498-12.0491705,16.670061,Oussama Ben Laden ,Groupe 0
7313-11.840194,15.795704,Pablo Escobar (trafiquant colombien de cocaine) ,Groupe 0
6514-18.868471,18.678679,Pablo Picasso (peintre),Groupe 0
348-0.8344285,-18.27907,Pain Rikudo ,Groupe 3
1396-2.5506976,-20.700417,PaKo ,Groupe 3
728825.689106,4.438595,Pamela Anderson (Actrice),Groupe 0
306-1.0626278,55.312748,Papa  ,Groupe 0
73588.036704,22.187567,Pape Fran√ßois (Pape),Groupe 0
5639.551859,-1.4118996,Paper Mario ,Groupe 3
7637-5.5650654,-18.059225,Parm√©nion (g√©n√©ral mac√©donien),Groupe 3
6440-7.659325,55.81917,Pascal Garcia (enseignant INSA),Groupe 4
7620-3.8336833,-19.260498,Pascal S√©billot (Professeur Info),Groupe 3
6601-14.539769,1.9042153,Passe-partout,Groupe 0
274-5.3021145,-19.689232,Patoune (Patricia Calas) ,Groupe 3
74633.6663587,55.19365,Patrice Daniello,Groupe 0
66928.304035,17.28757,Patrice Talon,Groupe 0
69125.2757397,60.036457,Patrick Balkany (politique fran√ßais),Groupe 0
75403.0293298,42.246742,Patrick Bruel (chan teur fran√ßais),Groupe 0
74793.1495953,58.44301,Patrick Cohen (journaliste fran√ßais),Groupe 0
74455.653086,38.981953,Patrick Fiori,Groupe 0
7169-7.4005933,-32.041355,Patrick Jane (personnage de Mentalist),Groupe 1
73428.865208,-18.374714,Patrick l'√©toile de mer (personnage de la s√©rie Bob l'√©ponge),Groupe 1
65603.7407556,38.294964,Patrick Sebastien,Groupe 0
6369-10.685785,-22.995153,patronus de harry potter ,Groupe 3
725324.813244,4.6475677,Paul McCartney (chanteur),Groupe 0
6633-21.035753,41.1662,Paul Pogba (footballeur),Groupe 0
7319-1.9237761,48.312107,Paul Queva (√©tudiant INSA),Groupe 0
702626.483307,19.052681,Paul Taylor,Groupe 0
7583-6.0304313,13.642072,Paul Walker (acteur am√©ricain),Groupe 0
3271-2.2917142,-18.913624,Pauline Marois ,Groupe 3
73888.125337,-34.323975,Peach,Groupe 1
66600.24576157,53.58842,Pedesseau (Prof),Groupe 0
1356-5.506923,-22.979366,P√©gase ,Groupe 3
631-3.0360076,-22.799208,Peggy Camp Rock ,Groupe 3
647112.430697,-10.626472,Peggy Cellier,Groupe 0
74688.823735,21.065844,Pel√© le joueur de foot,Groupe 0
6511-20.046576,4.6211424,P√©pin le Bref (p√®re de Charlemagne),Groupe 0
6997-5.309111,-47.527637,Percy Jackson (h√©ros d'un roman),Groupe 1
7028-1.8263869,-38.232758,P√®re Noel ,Groupe 1
17319.323952,-26.535437,Personne ,Groupe 1
47137.948144,-42.162262,Peter Pan ,Groupe 1
1169-11.841544,-24.187212,Petite cousine ,Groupe 3
7083-7.0135655,45.182777,Petite Soeur,Groupe 0
672411.13387,15.73124,Pewdiepie,Groupe 0
66444.8807483,38.62432,Philippe Katerine,Groupe 0
67934.501516,55.972153,philippe starck,Groupe 0
71015.287192,58.125015,Phillipe Poutou,Groupe 0
664314.33421,-21.07944,Picsou,Groupe 1
66663.1931098,50.69782,Pierre Croce (youtuber),Groupe 0
7367-35.764263,12.5730715,Pierre Curie (Physicien fran√ßais),Groupe 0
6629-34.889774,5.4347177,Pierre de Fermat,Groupe 0
6212.866018,-58.038895,Pikachu (personnage de manga),Groupe 2
54412.0481377,-26.422243,Pinkamena Diane Pie ,Groupe 1
72846.2638545,-33.99988,Pinocchio (pantin en bois vivant),Groupe 1
3858-6.4491735,-16.612206,Piscine Molitor Patel ,Groupe 3
7469-17.168562,18.664848,Platon (philosophe antique grec),Groupe 0
75806.5214777,41.485252,PLK (chanteur),Groupe 0
5981-3.9809995,-17.766926,Plume de Jais ,Groupe 3
715815.209726,-22.377417,Plutot,Groupe 1
756715.081796,-22.302416,Po (Kong Fu Panda),Groupe 1
7204-39.804398,10.896687,Polnareff,Groupe 0
68709.015952,-3.1195,popeye,Groupe 1
363110.861904,-44.452995,Pos√©√Ødon ,Groupe 1
67114.0186744,56.618378,PPDA,Groupe 0
6565-9.771501,12.084524,Prince,Groupe 0
4102-1.0296956,-16.670397,Prince T√©dibert ,Groupe 3
75284.736027,-34.952545,Princesse Fiona (dessin anim√© Shrek),Groupe 1
17791.571346,-49.000206,Princesse Leia ,Groupe 1
66796.6011987,-44.13197,Princesse mononoke,Groupe 1
1154.4636703,-37.04065,Princesse Raiponce ,Groupe 1
489-1.2355556,-15.116957,Princesse Shirahoshi ,Groupe 3
74431.6272404,55.836143,prof d info,Groupe 0
7009-4.0168905,-39.56836,Professeur Layton (jeu vid√©o d'√©nigmes),Groupe 1
6824-18.791489,14.389758,Pythagore,Groupe 0
648212.184781,-8.914638,queen,Groupe 0
72522.024015,-17.651613,Quelqu'un qui passe toute les questions,Groupe 3
658211.939332,17.177416,Quentin Tarantino,Groupe 0
156016.297083,-17.073761,R2-D2 ,Groupe 1
2121-0.9085959,-20.155527,R4-p17 ,Groupe 3
38471.0476253,-21.284796,Rachel Zane ,Groupe 3
667219.381168,24.897226,Rafael Nadal,Groupe 4
740316.755228,-51.454903,Ragnar Lothbrok (s√©rie TV: Viking),Groupe 1
6875-14.293122,12.615498,Ramanujan,Groupe 0
157-5.0499663,-16.643448,Rams√®s 1er ,Groupe 3
394813.285809,-18.702616,Rantanplan ,Groupe 1
740529.916655,-39.936195,Raoh (manga ken le survivant),Groupe 1
1467-22.56989,42.55647,Rapha√´l Varane,Groupe 0
7625-2.4786134,-14.480845,Raptor Dissident (youtuber),Groupe 3
368-14.6596775,0.84911215,raptou ,Groupe 3
6581-15.419886,11.921044,Raspoutine,Groupe 0
64659.140754,-3.6353068,Rastapopoulos,Groupe 1
2065-21.376,-3.5695734,ratatouille ,Groupe 3
3263-6.9445357,-19.375141,Raven Queen ,Groupe 3
661214.301511,-42.06489,Rayman,Groupe 1
7570-32.609146,7.478445,Raymond Poincarr√© (politicien fran√ßais),Groupe 0
7557-36.96754,12.130822,Raymond Poulidor (cycliste fran√ßais),Groupe 0
7287-10.801568,-30.522282,raymond reddington(s√©rie BLacklist),Groupe 1
60-14.089906,-20.445942,Reimu Hakurei,Groupe 3
65763.0539594,18.662779,Reine Elizabeth,Groupe 4
722412.060252,-37.803814,Reisen (Touhou),Groupe 1
6746-13.685201,37.488056,R√©mi Gaillard,Groupe 0
756415.454024,-25.700754,R√©my (Rat dans Ratatouille),Groupe 1
64123.8463776,36.793804,Renaud,Groupe 0
7293-18.35749,43.107014,Renaud Lavillenie (perchiste),Groupe 0
7244-32.81904,7.8467236,Ren√© Coty,Groupe 0
6965-31.495485,8.640235,6965"Ren√© Coty (Pr√©sident un grand homme il marquera l'histoire)",Groupe 0
6464-31.097816,12.2942,Ren√© Descartes,Groupe 4
6951-5.501069,12.994948,repondre oui puis non ,Groupe 0
6421-0.87352705,25.222025,Richard Dean Anderson,Groupe 0
6940-19.353024,41.780888,Richard Gasquet,Groupe 0
65555.3975167,56.285763,Richard Stallman,Groupe 0
6552-12.380468,38.130375,Richard Virenque,Groupe 0
7120-32.473015,6.5726705,Richelieu,Groupe 0
724516.034592,-42.14318,Richter Belmont (Castlevania),Groupe 1
72218.779532,19.875906,Rick Astley,Groupe 0
6770-12.522425,-32.91113,Rick Grimms (walking dead),Groupe 1
699615.9271755,10.684859,Rick Riordan (√©crivain am√©ricain),Groupe 0
698411.241603,-25.53571,Rien,Groupe 1
673319.046001,15.270717,Rihanna (chanteuse barbadienne),Groupe 4
701322.382378,-27.467936,riki,Groupe 1
713512.298016,-39.270447,Rin Kaenbyou,Groupe 1
303913.660563,-11.342231,3039"Riri Fifi et Loulou ",Groupe 3
718210.4343815,-38.00517,Riven (jpersonnage de jeu vid√©o),Groupe 1
741811.425487,18.851133,Rob Hopkins (enseignant ern permaculture brittanique),Groupe 0
760426.07221,6.4787354,Robert Downey Jr (acteur de iron man),Groupe 0
7535-36.1689,12.15679,Robert Faurisson,Groupe 0
6595-14.033036,35.99869,Robert Menes,Groupe 0
7417-11.990089,12.391807,Robert Oppenheimer,Groupe 0
7256-2.2642372,-45.884666,Robin des bois,Groupe 1
6765-6.5107985,47.696476,Robinet,Groupe 0
677226.301945,13.658975,Rocco Siffredi,Groupe 0
6269-18.913736,-15.943202,Rock Lee ,Groupe 3
649710.506551,-49.20883,Rocky Balboa,Groupe 1
76011.3432165,47.078964,Rodolphe Le Blevenec (√©tudiant INSA aka le mec qui a fait le drive!!!),Groupe 0
641019.39166,25.631285,Roger Federer,Groupe 4
72946.1739883,21.35076,roi du Maroc,Groupe 0
3644-8.109622,-21.294918,Rokubi ,Groupe 3
76411.5491537,-15.913592,Rollon (duc de Normandie),Groupe 3
6821-20.411264,42.20875,Romain Grosjean,Groupe 0
72190.23240602,48.39878,Romain Hu (√©tudiant INSA),Groupe 0
7320-18.988832,44.094627,Romain Laigo (√©tudiant INSA),Groupe 0
669121.264292,20.981527,Roman Abramovitch,Groupe 0
72749.629771,17.651524,Rom√©o Elvis (rappeur),Groupe 0
66524.4791327,-51.08889,Ron Waesley,Groupe 1
72899.371953,22.5654,Ronaldo,Groupe 0
7597-4.1717567,55.524734,Ronan Heurtel (resp campus INSA),Groupe 0
714114.027484,-51.083813,Roronoa Zoro (manga one piece),Groupe 1
7154-4.5796623,39.416985,Roselyne Bachelot,Groupe 0
7593-10.917917,44.25421,Rozenn Piron (professeur d'optique),Groupe 0
760521.10393,17.561413,Russell Westbrook (basketteur am√©ricain),Groupe 0
674527.657278,3.8641243,Ryan Gosling,Groupe 0
343-0.91886,-22.153536,Ryan Sheckler ,Groupe 3
673414.429799,-39.770966,Ryu,Groupe 1
7632-8.738679,-19.412569,Ryuko Matoi (anime),Groupe 3
1269-5.823557,-15.420525,Sabor ,Groupe 3
74068.622756,21.130793,Sabrina (chanteuse de Boys boys boys),Groupe 0
665910.266795,-15.082067,Sacamin,Groupe 1
668013.777819,-54.33185,Sacha (pok√©mon),Groupe 2
645013.737944,-34.07931,Saitama (Manga : One Punch Man),Groupe 1
670310.084955,-39.541298,Sakura (manga Naruto),Groupe 1
1298-21.37627,-3.5695455,Sakurai Tomoki ,Groupe 3
63-20.40994,-8.508489,Salam√®che (Pok√©mon),Groupe 3
7480-16.365273,17.962225,Salvador Dal√≠ (peintre espagnol),Groupe 0
6587-21.678814,41.4877,Samir Ait Said,Groupe 0
6597-21.12713,40.99009,Samir Nasri,Groupe 0
7595-0.39973792,-33.88558,Sansa Stark (meilleur perso de GOT),Groupe 1
665321.488031,-23.221218,Saphira (Eragon),Groupe 1
7220-34.95726,3.2794564,SARDA GARRIGA,Groupe 0
74237.795003,46.050552,Sardoche (Streamer),Groupe 0
722525.830578,17.348398,Sasha Grey,Groupe 0
6040-7.2507253,-17.848013,Sasuke Susano ,Groupe 3
139-8.692222,-14.643906,Saule ,Groupe 3
8613.59051,-12.598893,Sauron (le seigneur des anneaux),Groupe 1
897-17.643589,-22.201626,Savage Opress  ,Groupe 3
551-8.841248,0.611782,Sawako Kuronuma ,Groupe 3
49012.1610217,-10.728225,Sayaka Maizono ,Groupe 3
6376-10.507026,-22.810883,Sazuke Ushiwa,Groupe 3
757711.010512,13.699742,Scarlet Joahnson (actrice),Groupe 0
64038.003652,-23.658802,Schtroumpf,Groupe 1
657810.585206,-20.650402,scooby-doo,Groupe 1
1308-0.04109231,-9.412697,Scott le con ,Groupe 3
757615.519806,24.056416,Sebastian Vettel (F1),Groupe 0
6499-15.855845,39.461388,Sebastien Chabal,Groupe 0
7466-15.947657,42.250607,S√©bastien Loeb (pilote de rallye fran√ßais),Groupe 0
6571-5.210427,38.616787,S√©gol√®ne Royal,Groupe 4
709018.987307,-48.38081,Seiya (manga: chevalier du zodiaque),Groupe 1
70929.303776,14.300458,Senamo (la smala),Groupe 0
65078.413306,-11.516581,6507"Sentenza la brute (film: le bon la brute et le truand)",Groupe 1
6882-6.5248184,-32.503204,Serena Van Der Woodsen (s√©rie TV:  Gossip Girl),Groupe 1
657319.920023,18.266523,Serena Williams (tenniswoman am√©ricaine),Groupe 0
6152.3544176,-14.183485,Serge Manesenkow ,Groupe 3
686715.316086,11.098932,Serj Tankian (chanteur),Groupe 0
59150.9749872,-11.455364,Shae Vizla ,Groupe 3
748427.054832,13.037072,Shahrukh Khan (Acteur Bollywoodien),Groupe 0
102611.944183,21.427608,Shakira ,Groupe 0
711110.380968,16.389582,Shawn Mendes,Groupe 0
6739-7.3086476,-31.33382,Sheldon,Groupe 1
7035-1.2597408,-32.566357,sheldon Cooper (The Big Band Theory),Groupe 1
6859-2.4305482,37.898994,Shella (chanteuse),Groupe 0
724915.78115,-37.911976,Shen (personnage du jeu League of Legend),Groupe 1
719616.523918,-42.718933,Shepard,Groupe 1
6424-5.4957533,-36.402767,Sherlock Holmes,Groupe 2
710621.401669,15.674055,Sheryl Sandberg,Groupe 0
70829.258351,-44.488537,Shifu (manga: kung fu panda),Groupe 1
700719.181246,-49.552822,Shikamaru Nara (naruto),Groupe 1
74348.381796,-33.73471,Shin Kuroi (perso de jeu vid√©o),Groupe 1
7352-11.9374075,-25.176933,Shinji (personnage de Evangelion),Groupe 1
67076.9006057,-43.87594,Shiro (de deadman wonderland),Groupe 1
64787.4923806,-29.962236,Shrek,Groupe 1
701615.934553,-41.788517,Shulk,Groupe 1
7309-4.803593,45.755116,Shy'm (chanteuse francaise),Groupe 0
645814.177703,-26.01404,Simba,Groupe 1
7578-2.3106227,50.027855,Simon Mabilat (√©tudiant INSA),Groupe 0
7588-3.2815332,49.949986,Simon Postec (prof de l'INSA),Groupe 0
707520.628754,19.091164,Simone Arianne Biles (gymnaste am√©ricaine),Groupe 0
6946-36.214752,3.265166,Simone de Beauvoir (Auteure),Groupe 0
7361-29.125034,11.791129,Simone Veil (militante pour l'avortement),Groupe 4
2536-0.0501085,-10.632343,Sindibad ,Groupe 3
69898.498517,46.25523,Siphano (Youtubeur),Groupe 0
4356-0.28811848,-11.806282,Skelerex ,Groupe 3
672721.69165,11.510085,Slash (guitariste),Groupe 0
725415.598458,-43.356834,Snake (Metal Gear Solid),Groupe 1
756521.213963,13.957747,Snoop Dogg,Groupe 0
676116.87044,-24.999706,Snoopy,Groupe 1
6626-18.124136,15.440203,Socrate,Groupe 0
652410.265934,-57.945896,Son Goku (manga: dragon ball),Groupe 2
41261.9696344,-12.432672,Sonia Gothik ,Groupe 3
393412.351175,-57.298203,Sonic ,Groupe 2
8181.1237547,-9.917802,Sophie ,Groupe 3
37390.62811303,-7.120626,Soufiane Msalek ,Groupe 3
76421.0023881,-4.8647394,Spartacus (meneur d'une guerre servile contre la R√©publique romaine),Groupe 3
26480.67682296,-12.874469,Spider-Cochon ,Groupe 3
831-2.0860488,-53.397797,Spider-man ,Groupe 2
7372-34.760376,3.7858226,Spinoza (philosophe),Groupe 0
65637.2012954,-39.447212,Spirou,Groupe 1
720314.711212,-50.454636,Spoke,Groupe 1
67556.20622,-31.849709,sponge bob,Groupe 1
645113.058401,-34.63071,Squall Leonhart (jeu vid√©o Final fantaisie),Groupe 1
66098.91962,51.317123,Squeezie,Groupe 0
63855.1332703,-21.411736,Squirtle (carapuce dans manga pokemon),Groupe 1
666328.26137,7.699384,Stan Lee,Groupe 0
680620.152885,-52.353783,Stannis Baratheon,Groupe 1
7424-15.629629,16.105125,Stefan Zweig (√©crivain autrichien),Groupe 0
75693.3240044,56.63502,St√©phane Bern,Groupe 0
6818-5.316731,42.152115,St√©phanie De Monaco,Groupe 0
6495-21.534145,18.510836,Stephen Awking,Groupe 0
648321.653387,18.80963,stephen curry,Groupe 4
6550-8.687308,19.347357,Steve Jobs,Groupe 4
7243-2.7144969,-39.742188,Steve Stiffler (american pie films),Groupe 1
655315.935697,11.81202,Stevie Wonder,Groupe 0
62243.6373951,41.448288,Sting (musicien britannique),Groupe 0
697817.661987,-22.499207,Stitch (personnage Disney),Groupe 1
75269.673866,17.607655,Stromae,Groupe 0
201116.583452,-50.103836,Supergirl ,Groupe 1
475410.890012,-53.69971,Superman ,Groupe 2
701725.890577,-32.64897,Supreme Leader Snoke (Personnage de star wars),Groupe 1
65777.79586,57.440533,Sylvain Duriff,Groupe 0
652627.307129,11.934813,Sylvester Stallone,Groupe 0
730710.651045,46.505283,7307"Sylvia Kersusan (professeur italien francais anglais)",Groupe 0
285-2.211603,48.633522,Ta compagne ,Groupe 0
1764-17.160843,-2.6980011,Ta cousine ,Groupe 3
1543-0.25200707,-14.0349045,Ta demi-soeur ,Groupe 3
6618-9.338788,50.963898,Ta m√®re !,Groupe 4
2541.0522299,-14.26285,Ta soeur siamoise ,Groupe 3
760920.002832,-14.815862,Tachibana(manga japonais),Groupe 1
1826-0.76085293,-12.819568,Talbot  ,Groupe 3
21470.98386276,-8.472883,Tamim ,Groupe 3
72003.2273574,49.217484,Tangi Tassin,Groupe 0
3293.3180783,-13.132039,Tante Phl?bite ,Groupe 3
69056.0973926,-41.95076,Tara Duncan (Livre √©ponyme),Groupe 1
70979.987868,19.159267,Tarik Ramadam (islamologue),Groupe 0
212321.612446,-43.841587,Tarzan ,Groupe 1
33253.3111107,-11.518686,Taylor Lautner ,Groupe 3
698124.504374,18.263393,Taylor Swift (chanteuse american),Groupe 0
7064-1.7803407,-33.834995,Tchoupi (personnage de tchoupi),Groupe 1
657912.319205,-12.002929,teal'c,Groupe 1
6530-19.547503,38.13371,Teddy Riner (champion du monde de judo),Groupe 4
671313.798693,-30.229519,Teemo,Groupe 1
718910.50917,-46.26454,Terminator,Groupe 1
7003-11.624693,9.553294,Terry Pratchett,Groupe 0
15863.159184,-15.533836,Teru Mikami ,Groupe 3
10352.2770336,-9.0421505,Thatcher Joe ,Groupe 3
68392.3158274,-39.92447,The Flash,Groupe 1
664925.622364,-33.912712,The Punisher,Groupe 1
76463.4765756,-9.793103,the rock ,Groupe 3
7167-6.373738,47.563988,TheMissAddict,Groupe 0
659921.333792,22.742056,Th√©o Walcott,Groupe 0
684820.158167,-52.372692,theon greyjoy,Groupe 1
7134-2.9869697,55.686916,Thierry Merle,Groupe 0
7269-17.98675,41.510788,Thierry Omeyer (handballeur fran√ßais),Groupe 0
61372.8722854,-4.7035866,Thomas Colton Padalecki ,Groupe 3
7483-9.331195,17.722664,Thomas Edison (inventeur am√©ricain),Groupe 0
68457.2664385,51.44212,Thomas Pesquet (spationaute),Groupe 0
7402-3.3340614,52.942066,Thomas Porcher (√©conomiste),Groupe 0
6878-16.079954,38.33567,thomas voeckler,Groupe 0
51709.984673,-45.488087,Thor ,Groupe 1
638022.876165,20.3205,Tiger Woods,Groupe 0
710416.983963,10.565685,Tim Berners-Lee,Groupe 0
70519.440585,-58.491917,Tintin (personnage de BD),Groupe 2
725911.966352,-16.86408,Titi,Groupe 1
72278.762928,46.832287,Titouan (√©tudiant charo),Groupe 0
718017.93216,-20.265005,Toby (personnage de Harry potter),Groupe 1
163-11.183548,2.4699166,Todd le Wraith ,Groupe 3
7021-3.5042214,45.160316,Toi(joueur),Groupe 0
651714.073162,-36.219368,Toki (fr√®re de Ken le survivant),Groupe 1
749618.655598,9.369762,Tom Brady (joueur de foot am√©ricain),Groupe 0
711426.587555,5.0862427,Tom Cruise (acteur am√©ricain),Groupe 0
701526.483553,4.542353,Tom Hanks (acteur am√©ricain),Groupe 0
76153.1882422,-6.359624,Tom Roy,Groupe 3
7278-9.990381,-32.77296,Tom Shelby (Peaky Blinders),Groupe 1
654018.759254,14.600438,Tommy Tallarico,Groupe 0
692726.622362,8.978959,Tommy Wiseau (acteur),Groupe 0
54443.5764434,-8.0366955,Tomoharu Natsume ,Groupe 3
1583-11.841663,-24.187458,Ton chinchilla ,Groupe 3
335.1473346,-3.5748284,Ton cousin par alliance,Groupe 3
14074.7781715,-10.656051,Ton m√©decin ,Groupe 3
6400-5.943909,50.937675,ton papa!,Groupe 0
31196.309589,-5.407121,Ton petit ami ,Groupe 3
10594.919013,-8.8979845,Tonnerre ,Groupe 3
6844-19.197014,41.036358,TONY ESTANGUET,Groupe 0
6481-18.310228,38.037582,Tony Parker,Groupe 4
68306.2364364,50.012184,Torlk,Groupe 0
71448.75837,45.95274,torlk (streamer jeux video),Groupe 0
107917.89705,-24.28569,Totoro ,Groupe 1
6645-14.584552,14.4770565,Touma√Ø,Groupe 0
700510.970424,-38.305267,Tracer (Overwatch),Groupe 1
743218.384449,7.715965,Travis Pastrana (pilote am√©ricain),Groupe 0
7340-21.340208,45.181072,Tristan Hardy (√©tudiant INSA),Groupe 0
45712.1171575,-7.518872,Trololol ,Groupe 3
75044.528971,-34.071056,Tryphon Tournesol,Groupe 1
65284.5634193,-48.57257,6528"Tuco (western: le bon la brute et le truand)",Groupe 1
7043-0.8912025,-42.2023,Tyler Durden (perso du film fight club)[,Groupe 1
661115.185103,-47.897312,Tyrion Lannister,Groupe 1
66002.4467435,4.979675,Ulysse,Groupe 1
746716.398596,-50.621117,ulysse 31 (dessin anim√©),Groupe 1
639713.983189,2.3784442,un astronaute,Groupe 0
4649-0.015157765,52.000763,Un canard,Groupe 0
674810.1453905,-27.6188,Un con qui s'amuse √† cliquer que sur non,Groupe 1
734915.071184,-26.555464,un dragon,Groupe 1
18276.0646167,-15.487716,Un fant√¥me ,Groupe 3
23426.2201805,-11.587615,un jouet ,Groupe 3
63844.7895603,-20.977945,Un lama,Groupe 1
63945.065822,-21.292936,Un lama bleu,Groupe 1
63889.11512,28.817205,Un lapin,Groupe 0
10544.514484,-14.436626,Un marcassin ,Groupe 3
17187.8365474,-6.6331835,Un Minion ,Groupe 3
73083.3067577,9.499255,Un oiseau,Groupe 0
30484.823007,-6.878348,Un orc ,Groupe 3
45246.483348,-9.71428,UN PETIT MALIN QUI CLIQUE SUR TOUT! ,Groupe 3
675413.805301,18.23574,Un rossignol,Groupe 0
20136.323168,-13.538175,Un singe,Groupe 3
116123.94971,-26.320637,Un zombie ,Groupe 1
33498.047272,-8.715684,Un zombie ou mort-vivant  ,Groupe 3
10754.7566943,-12.520357,Une cacahu√®te,Groupe 3
171-14.659676,0.84970605,Une fille dont tu es amoureux ,Groupe 3
45721.6371837,-6.0815077,Une fille que vous avez aim√© sans retour ,Groupe 3
131-17.643534,-22.200777,Une termite ,Groupe 3
1751-22.955687,-19.24674,Urahara Kisuke ,Groupe 3
654918.763271,27.571033,Usain Bolt,Groupe 4
245113.660493,-11.342121,Utau Hoshina / Utau Tsukiyomi ,Groupe 3
669714.519234,-35.731045,Utsuho Reiuji,Groupe 1
70118.651967,37.20021,Vald (rapeur),Groupe 0
680011.415697,-38.893444,Vayne,Groupe 1
72409.306971,39.153416,Vegedream,Groupe 0
474619.944164,-47.51346,V√©g√©ta (manga: dragon ball),Groupe 1
1324.4865856,-5.255188,V√©g√©to (manga: dragon ball),Groupe 3
756011.467592,-13.862331,Vel'Koz (jeu: ligue of legend),Groupe 1
6807-36.322067,6.5093403,vercing√©torix,Groupe 0
71624.7270207,41.504993,Vianney (chanteur),Groupe 0
6454-30.346899,13.209863,Victor Hugo,Groupe 4
760626.748869,12.562516,Vin Diesel (acteur),Groupe 0
2128-17.64323,-22.200165,Vincent Claude ,Groupe 3
679121.08736,-36.126865,Vlad III (roi de transylvanie),Groupe 1
65375.0090027,18.864182,Vladimir Poutine,Groupe 4
731525.6214,-31.948349,Voldemort (personnage d'Harry Potter),Groupe 1
665416.794712,-18.676125,Wall-E,Groupe 1
6670-10.590824,15.821792,Walt Disney,Groupe 0
6634-10.2481785,-30.227238,Walter White (Personnage de Breaking Bad),Groupe 1
33941.6147404,-3.4490628,Watt Tambor ,Groupe 3
11871.4064437,-1.6719383,Wayne Gretzky ,Groupe 3
670.008417587,-0.43351668,White Len (jeu vid√©o:Melty Blood),Groupe 3
663529.696436,3.491785,Will Smith,Groupe 0
19786.1112237,-7.726788,William Blaskowicz ,Groupe 3
6583-23.142715,17.066137,William Shakespeare,Groupe 0
5683.3389387,-2.9194193,Willow Ufgood ,Groupe 3
706011.244953,-20.938112,Winnie l'ourson (personnage de dessin anim√©),Groupe 1
6409-23.972572,16.723988,Winston Churchill,Groupe 0
6942-14.175578,10.519413,Wolfgang Amadeus Mozart (musicien),Groupe 0
705512.68857,-46.166862,Wolverine (personnage des X-Men),Groupe 1
68747.6385016,-50.107048,wonder woman,Groupe 1
66747.4960856,37.96294,Woodkid (chanteur-compositeur),Groupe 0
744412.638967,-17.994514,woody woodpecker,Groupe 1
721315.590222,-31.735483,Wrex (Mass effect),Groupe 1
682910.444754,-47.562016,XIII,Groupe 1
75945.6897964,15.256988,XiJingping,Groupe 0
69285.436185,-45.137474,Yagami Light (Personnage Principale de Death Note),Groupe 1
669816.68264,-35.01812,Yandere-chan,Groupe 1
72163.2181087,56.36107,Yann Barthes (presentateur t√©l√©),Groupe 0
7539-3.854624,54.933975,7539"Yann Moix (√©crivain animateur TV)",Groupe 0
6531-7.8052382,54.574966,Yann Ricquebourg (enseignant INSA Rennes),Groupe 0
5257-12.074115,39.52175,Yannick Noah,Groupe 4
7624-1.7761548,1.0080847,Yasuo (LoL),Groupe 3
646722.286207,15.45884,Yngwie Malmsteen,Groupe 0
6570-20.867472,43.773045,Yoann Gourcuff,Groupe 0
737818.89816,-22.950962,Yoda (Jedi de Star wars),Groupe 2
75323.831752,-42.856426,Yoko Tsuno (perso bande dessin√©),Groupe 1
671215.018531,-28.991415,Yoshi,Groupe 1
473919.008923,-48.39644,Yugi Muto ,Groupe 1
700118.551432,-49.69487,Yugo,Groupe 1
6669-14.453976,14.734507,Yukio Mishima (√©crivain japonais),Groupe 0
7110-33.91679,10.738225,Yves Montant (acteur),Groupe 0
687316.576517,-49.238365,Zack Branigan,Groupe 1
2544-5.3904667,0.050203938,Zack Ryder ,Groupe 3
3199-6.2640743,43.05386,Zahia Dehar ,Groupe 0
69489.498717,9.1789875,Zbigniew Gutkowski (skipper polonais),Groupe 0
644912.888702,-34.775402,Zelda,Groupe 1
72269.146048,-37.06734,Zelda(princesse),Groupe 1
67237.806913,51.49976,Zerator (streamer),Groupe 0
71457.2998047,-44.872623,Zero Kyriu (manga Vampire Knight),Groupe 1
734411.675101,-44.196754,Zeus (dieu grec),Groupe 2
6374-7.7637815,32.92761,Zinedine Zidane,Groupe 2
642517.495611,25.794039,Zlatan Ibrahimovic,Groupe 0
7547-4.2518506,46.600044,Zo√© Pesleux (√©tudiante INSA),Groupe 0
